adr,title,status,depends_on
001,هاب دادهٔ پایه (MDM) در L3,پذیرفته‌شده,—
002,ستون فقرات رویداد (Kafka/MQTT),پذیرفته‌شده,008
003,OPC UA + Gateway برای legacy,پذیرفته‌شده,008، 009
004,گیت‌های سخت کیفیت/ایمنی,پذیرفته‌شده,**تأیید مدیرعامل (Q16)**
005,Audit Trail تغییرناپذیر,پذیرفته‌شده,—
006,Offline-First در کارگاه,پذیرفته‌شده,002
007,UTC + نمایش شمسی + RTL,پذیرفته‌شده,—
008,Purdue + DMZ صنعتی,پذیرفته‌شده,—
009,Historian + مدل یکسان تجهیز,پذیرفته‌شده,001
010,API-First با قرارداد نسخه‌دار,پذیرفته‌شده,002
011,Digital Twinِ تصمیم‌محور,پذیرفته‌شده,Q12
012,میزبانی ترکیبی,**مشروط**,Q10، الزامات قانونی
013,ULID + GS1,پذیرفته‌شده,—
014,تفکیک SIS از BPCS,پذیرفته‌شده,Q23
