id,unit,alarm_fa,trigger,severity,owner_role,notification,response_sla,auto_action,escalation
A001,HSE,غلظت گاز بالاتر از آستانه High,سنسور گاز > High,Critical,مسئول HSE شیفت,"آژیر منطقه‌ای، پوش موبایل، پیامک ERT","<= 1 min","تهویه اضطراری، قطع منبع، توقف منطقه","عدم تأیید در 3 دقیقه: مدیر کارخانه"
A002,HSE,غلظت گاز بالاتر از آستانه High-High,سنسور گاز > HH,Critical,مسئول HSE شیفت,"آژیر عمومی، تخلیه هدفمند","<= 1 min","توقف تولید منطقه، آزادسازی گیت‌ها","عدم تأیید در 2 دقیقه: مدیرعامل"
A003,HSE,آلارم حریق (آدرس‌پذیر),دتکتور یا شستی,Critical,مسئول HSE شیفت,"آژیر عمومی، آژیر آتش، پیامک ERT","<= 1 min","قطع تهویه، فعال‌سازی اطفا، باز شدن مسیرهای تخلیه","خودکار: اعلام به آتش‌نشانی طبق رویه"
A004,HSE,عدم پاسخ به آلارم ایمنی,عدم تأیید در SLA,Critical,مدیر HSE,تماس تلفنی خودکار,"<= 2 min",ارتقای زنجیره جایگزین,"مدیر کارخانه و مدیرعامل"
A005,HSE,استفاده از دوش اضطراری,فعال شدن شیر,Major,مسئول HSE,پوش + پیامک,"<= 5 min","ایجاد رخداد HSE، درخواست بررسی پزشکی",-
A006,HSE,انقضای گواهی ایمنی پرسنل,تاریخ انقضا - 7 روز,Major,سرپرست واحد,ایمیل + پوش,"<= 24 h","محرومیت خودکار از تخصیص کار","انقضا: قفل قطعی"
A007,HSE,PTW منقضی یا بدون تمدید,پایان اعتبار,Major,سرپرست بهره‌بردار,پوش,"<= 15 min","تعلیق مجوز و قفل ادامه کار",-
A008,HSE,PTW بدون شرط گیت (گاز/لوتو/صلاحیت),درخواست جدید,Major,مسئول HSE,پوش + ایمیل,"<= 30 min","توقف مسیر تأیید تا رفع نقص",-
A009,HSE,انحراف دمای سردخانه,دما خارج از بازه > 30 دقیقه,Major,سرپرست انبار + QC,پوش + پیامک,"<= 15 min","قرنطینه خودکار منطقه، ایجاد وظیفه QC","ادامه انحراف > 2 ساعت: مدیر کیفیت"
A010,HSE,عبور خروجی فاضلاب از حد مجاز,آنالایزر پساب,Major,مسئول HSE,پوش + ایمیل,"<= 30 min","توقف تخلیه، اطلاع به مرجع قانونی طبق رویه",مدیر کارخانه
A011,HSE,گزارش حادثه جدید,ثبت در سامانه,Major,مدیر HSE,پوش,"<= 30 min","ایجاد پرونده، الزام RCA ظرف 72 ساعت",حادثه LTI: مدیرعامل
A012,HSE,ناسازگاری مواد شیمیایی در یک منطقه,تخصیص مکان,Major,مسئول HSE,پوش,"<= 1 h","قفل تخصیص مکان",-
A013,HSE,کاهش آمادگی تجهیز ایمنی (دتکتور آفلاین),قطع ارتباط سنسور,Major,سرپرست نت,پوش,"<= 2 h","ایجاد WO فوری","عدم رفع در 24 ساعت: مدیر نت"
A014,PRD,خروج از حدود کنترل آماری (SPC Rule 1),نمونه خارج از ±3سیگما,Major,QC شیفت,پوش + نمایش در صفحه SPC,"<= 15 min","ایجاد وظیفه بررسی، امکان توقف فرآیند","تکرار 3 نمونه: مدیر کیفیت"
A015,PRD,انحراف پارامتر بحرانی فرآیند (CPP),خروج از محدودهRecipe,Critical,سرپرست شیفت,آلارم SCADA + پوش,"<= 5 min","ثبت انحراف، قرنطینه خودکار محصول در جریان",مدیر تولید
A016,PRD,توقف خط بیش از 10 دقیقه بدون علت,توقف ثبت‌نشده,Major,سرپرست شیفت,نمایش Andon + پوش,"<= 10 min","درخواست تکمیل علت",-
A017,PRD,مصرف خارج از تلورانس وزن,انحراف > ±1.5%,Major,اپراتور + QC,نمایش در ایستگاه توزین,"<= 5 min","توقف مرحله، هشدار QC","تکرار: مهندس فرآیند"
A018,PRD,تلاش برای اجرای Recipe غیرمجاز,عدم تطابق امضا,Critical,مهندسی فرآیند,پوش + ایمیل,"<= 15 min","قفل اجرا، ثبت رخداد انطباق",مدیر کیفیت
A019,PRD,ماده قرنطینه در لیست برداشت,تلاش برداشت,Critical,QC,نمایش در RF,"<= 5 min","عدم پذیرش اسکن",-
A020,PRD,کسری موجودی برای دستور کار,موجودی < نیاز,Major,برنامه‌ریز تولید,پوش + ایمیل,"<= 1 h","پیشنهاد جایگزین یا باززمان‌بندی","بحرانی: مدیر تولید"
A021,PRD,OEE زیر آستانه شیفت,OEE شیفت < 60%,Warning,سرپرست شیفت,گزارش پایان شیفت,"<= 1 شیفت","ایجاد وظیفه بهبود",-
A022,PRD,تکرار توقف با همان علت,3 بار در 24 ساعت,Major,سرپرست نت,پوش,"<= 4 h","ایجاد درخواست RCA",مدیر نت
A023,QCL,نتیجه آزمون خارج از مشخصات (OOS),خروج از حدود,Critical,QC,پوش + ایمیل,"<= 30 min","قرنطینه خودکار بچ، ایجاد NCR","مدیر کیفیت"
A024,QCL,تأخیر در نتیجه آزمون,بیش از SLA,Major,سرپرست آزمایشگاه,پوش,"<= 1 h","تغییر اولویت نمونه",-
A025,QCL,سررسید کالیبراسیون تجهیز آزمایشگاه,تاریخ سررسید,Major,مسئول کیفیت,ایمیل,"<= 48 h","قفل استفاده از دستگاه تا کالیبراسیون",الزام ISO
A026,QCL,روند کاهشی در نمودار کنترل (Rule 2),9 نقطه پیاپی یک‌سو,Warning,QC,نمایش در SPC,"<= 1 شیفت","بررسی و یادداشت",-
A027,QCL,CAPAS معوق,بیش از 30 روز,Major,مدیر کیفیت,ایمیل,"<= 24 h","گزارش به مدیر کارخانه",-
A028,FGW,تلاش ارسال محصول قرنطینه,درخواست خروج,Critical,QC + سرپرست انبار,قفل سیستمی + پوش,"<= 15 min","توقف ارسال",مدیر کیفیت
A029,FGW,مغایرت در تطبیق SSCC بارگیری,اسکن ناقص,Critical,سرپرست انبار,قفل دروازه + پوش,"<= 15 min","توقف خروج تا رفع مغایرت",-
A030,FGW,انحراف دمای زنجیره سرد در حمل,دیتالاگر > حد,Critical,QC,پوش,"<= 30 min","توقف تحویل تا بررسی کیفی",مدیر کیفیت
A031,FGW,تأخیر در ارسال نسبت به برنامه,انحراف از برنامه,Major,مدیر لجستیک,پوش,"<= 1 h","اطلاع‌رسانی به مشتری","تأثیر بر OTIF: مدیر فروش"
A032,FGW,موجودی زیر حد ایمنی محصول کلیدی,موجودی < حد,Major,برنامه‌ریز تولید,پوش,"<= 4 h","پیشنهاد دستور کار تکمیلی",مدیر تولید
A033,FGW,ارسال جزئی پیشنهاد‌شده,کسری تخصیص,Warning,مدیر فروش,پوش,"<= 4 h","نیاز به تأیید پیش از ارسال",-
A034,RMW,ماده نزدیک انقضا,کمتر از 30/15/7 روز باقی‌مانده,Warning,سرپرست انبار,ایمیل + داشبورد,"<= 24 h","پیشنهاد مصرف فوری یا مرجوعی","7 روز: قفل تخصیص"
A035,RMW,رسید بدون PO یا قرارداد معتبر,تلاش ثبت رسید,Major,سرپرست انبار,قفل سیستمی,"<= 2 h","ارجاع به بازرگانی",-
A036,RMW,تأمین‌کننده خارج از فهرست تأییدشده,تلاش ثبت رسید,Critical,QC,قفل سیستمی + پوش,"<= 2 h","عدم ثبت رسید",مدیر کیفیت
A037,RMW,انحراف وزن کامیون از PO,بیش از 1%,Minor,QC,نمایش در گیت,"<= 30 min","الزام تأیید QC پیش از تخلیه",-
A038,RMW,کسری موجودی ماده بحرانی,موجودی < حد ایمن,Major,برنامه‌ریز تولید,پوش,"<= 2 h","درخواست تأمین فوری",مدیر تولید
A039,RMW,مغایرت شمارش دوره‌ای,انحراف > آستانه,Major,سرپرست انبار,پوش,"<= 24 h","تحلیل علت و اصلاح فرآیند",-
A040,MRO,قطعه بحرانی بدون موجودی,موجودی = 0 برای کلاس A,Critical,سرپرست نت + بازرگانی,پوش + پیامک,"<= 1 h","PR فوری، جست‌وجوی جایگزین","عدم تأمین در 24 ساعت: مدیر نت"
A041,MRO,رسیدن به نقطه سفارش,موجودی <= ROP,Minor,سرپرست انبار فنی,ایمیل,"<= 24 h","ایجاد خودکار درخواست خرید",-
A042,MRO,قطعه تاریخ‌دار منقضی,تاریخ انقضا گذشته,Major,سرپرست انبار فنی,پوش,"<= 24 h","قرنطینه خودکار",-
A043,MRO,صدور قطعه بدون دستور کار,تلاش صدور,Major,سرپرست نت,قفل سیستمی,"<= 1 h","عدم اجازه صدور",-
A044,MRO,موجودی راکد شناسایی‌شده,بدون گردش > 12 ماه,Warning,سرپرست نت,گزارش فصلی,"<= 1 ماه","پیشنهاد اسقاط/فروش",-
A045,MNT,خرابی تجهیز بحرانی (توقف خط),توقف کلاس A,Critical,سرپرست نت,پوش + تماس,"<= 15 min","ایجاد WO اضطراری، اطلاع به تولید","عدم پاسخ در 30 دقیقه: مدیر نت"
A046,MNT,هشدار PdM (امتیاز سلامت بحرانی),امتیاز سلامت < 40,Major,مهندس قابلیت اطمینان,پوش + ایمیل,"<= 24 h","ایجاد WO پیش‌بینانه، رزرو قطعه","تجهیز کلاس A: سرپرست نت"
A047,MNT,لرزش در منطقه D (ISO 20816),RMS > حد D,Critical,سرپرست مکانیک,پوش,"<= 1 h","توقف برنامه‌ریزی‌شده فوری",مدیر نت
A048,MNT,دمای یاتاقان بیش از حد,دمای یاتاقان > آستانه,Major,سرپرست مکانیک,پوش,"<= 2 h","بررسی روانکاری، ایجاد WO","ادامه روند افزایشی: توقف"
A049,MNT,PM معوق بیش از 20 درصد تناوب,تأخیر PM,Major,سرپرست نت,پوش,"<= 24 h","الزام ثبت انحراف",مدیر نت
A050,MNT,کار بدون PTW/LOTO معتبر,تلاش شروع WO,Critical,مسئول HSE,قفل سیستمی,"<= 15 min","عدم اجازه شروع کار",مدیر HSE
A051,MNT,تکرار خرابی همان دارایی,3 بار در 90 روز,Major,مهندس قابلیت اطمینان,پوش,"<= 48 h","الزام RCA",مدیر نت
A052,MNT,WO اضطراری باز بیش از SLA,زمان > SLA,Major,سرپرست نت,پوش,"<= 4 h","تخصیص مجدد منابع",مدیر نت
A053,ELE,قطع برق شهری,مانیتور ورودی,Critical,مهندس برق شیفت,آژیر + پوش,"<= 1 min","انتقال به ژنراتور/UPS، ثبت رخداد","عدم راه‌اندازی در 5 دقیقه: مدیر نت"
A054,ELE,تریپ رله حفاظتی,عملکرد رله,Critical,مهندس برق,پوش,"<= 15 min","ثبت رخداد، تحلیل علت","تریپ بی‌دلیل: RCA ظرف 48 ساعت"
A055,ELE,ضریب توان زیر حد,PF < 0.92,Major,مهندس برق,ایمیل + داشبورد,"<= 24 h","بررسی بانک خازنی","تداوم: جریمه پیش‌بینی‌شده"
A056,ELE,دمای اتصال تابلو بالا,انحراف > 15 درجه از محیط,Major,سرپرست برق,پوش,"<= 4 h","ایجاد WO فوری","روند افزایشی: توقف برنامه‌ریزی‌شده"
A057,ELE,ظرفیت UPS زیر 80 درصد,تست یا مانیتور,Major,سرپرست برق,پوش,"<= 48 h","برنامه تعویض باتری","زیر 60٪: تعویض فوری"
A058,ELE,هارمونیک بیش از حد مجاز,THD > حد IEEE 519,Major,مهندس برق,ایمیل,"<= 1 هفته","بررسی فیلتر",-
A059,ELE,عدم آمادگی ژنراتور در تست هفتگی,تست ناموفق,Major,سرپرست برق,پوش,"<= 4 h","ایجاد WO فوری",مدیر نت
A060,ELE,اوج مصرف (Peak) نزدیک به قراردادی,توان > آستانه,Warning,مهندس برق,پوش,"<= 30 min","پیشنهاد Load Shedding",-
A061,MEC,افت راندمان پمپ,افت هد/دبی > 10%,Major,سرپرست مکانیک,پوش,"<= 48 h","بررسی سایش داخلی و ایجاد WO",-
A062,MEC,نشت هوای فشرده پرهزینه,تلفات > آستانه,Major,سرپرست مکانیک,پوش,"<= 1 هفته","ایجاد WO با اولویت انرژی",-
A063,MEC,آنالیز روغن خارج از حدود,نتیجه آزمون,Major,مهندس مکانیک,پوش,"<= 7 روز","اقدام اصلاحی و نمونه مجدد",-
A064,MEC,روانکار ناسازگار انتخاب‌شده,انتخاب در فرم,Major,سرپرست مکانیک,قفل سیستمی,"<= 1 h","عدم پذیرش ثبت",-
A065,MEC,لرزش در منطقه C (هشدار زودهنگام),RMS در منطقه C,Warning,مهندس ارتعاشات,ایمیل,"<= 1 هفته","تکرار نمونه‌برداری، افزایش تناوب",-
A066,UTL,افت فشار شبکه آتش‌نشانی,فشار < حد,Critical,مسئول HSE + تأسیسات,آژیر + پوش,"<= 5 min","راه‌اندازی پمپ ژاکی، ایجاد WO","عدم رفع در 1 ساعت: مدیر کارخانه"
A067,UTL,کیفیت آب/بخار خارج از حد,آنالایزر,Critical,QC + تأسیسات,پوش,"<= 15 min","قفل مصرف در تولید",مدیر کیفیت
A068,UTL,نقطه شبنم هوای فشرده خارج از حد,سنسور دیوپوینت,Major,سرپرست تأسیسات,پوش,"<= 4 h","بررسی درایر","خطوط حساس: توقف مصرف"
A069,UTL,افت فشار بخار,فشار < حد فرآیند,Critical,اپراتور تأسیسات,آلارم SCADA,"<= 10 min","تنظیم بار بویلر، اطلاع به تولید",مدیر نت
A070,UTL,سطح پایین سوخت,سطح مخزن < حد,Major,سرپرست تأسیسات,پوش,"<= 24 h","سفارش خودکار",-
A071,UTL,توقف تجهیز تأسیساتی کلیدی,خرابی,Critical,سرپرست تأسیسات,پوش,"<= 30 min","تغییر به مسیر جایگزین","تأثیر بر تولید: مدیر تولید"
A072,UTL,نشت بخار/آب شناسایی‌شده,بازرسی یا اختلاف دبی,Major,سرپرست تأسیسات,پوش,"<= 1 هفته","محاسبه تلفات و ایجاد WO",-
A073,HRM,گواهی الزامی منقضی‌شده,بررسی روزانه,Critical,سرپرست واحد + HSE,پوش,"<= 24 h","محرومیت خودکار از تخصیص",مدیر واحد
A074,HRM,کمبود نیروی واجد صلاحیت در شیفت,تحلیل برنامه شیفت,Major,برنامه‌ریز نیرو,پوش,"<= 8 h","پیشنهاد جایگزین از فهرست واجدان",مدیر تولید
A075,HRM,اضافه‌کاری بیش از حد مجاز,تحلیل ماهانه,Warning,مدیر واحد,ایمیل,"<= 1 هفته","بررسی علل و اصلاح برنامه",-
A076,HRM,غیبت غیرمترقبه در شیفت,عدم حضور,Major,سرپرست شیفت,پوش,"<= 30 min","جایگزینی از فهرست واجدان",-
A077,SEC,تردد غیرمجاز به منطقه حساس,عدم تطابق ACL,Critical,مسئول حراست,آژیر + پوش,"<= 2 min","قفل در، ثبت رخداد، نمایش دوربین","تکرار: مدیر کارخانه"
A078,SEC,تلاش خروج کالا بدون تأیید,نقص یکی از 4 شرط,Critical,سرپرست انبار + حراست,قفل دروازه + پوش,"<= 10 min","عدم باز شدن دروازه",مدیر کارخانه
A079,SEC,دوربین یا گیت آفلاین,قطع ارتباط,Major,مسئول حراست,پوش,"<= 2 h","ایجاد WO","منطقه حساس: 30 دقیقه"
A080,SEC,کامیون با پلاک ناشناس,ANPR بدون تطبیق,Major,نگهبان گیت,نمایش در داشبورد,"<= 10 min","صف تأیید دستی",-
A081,SEC,مهمان خارج‌نشده در مهلت,پایان بازه,Warning,میزبان,پوش,"<= 30 min","یادآوری به میزبان",-
A082,SEC,تأخیر در گشت,عدم اسکن چک‌پوینت,Major,مسئول حراست,پوش,"<= 15 min","جایگزینی نگهبان",-
A083,SEC,نفوذ تشخیص‌شده توسط آنالیتیکس,تحلیل ویدئو,Critical,مسئول حراست,آژیر + پوش,"<= 2 min","نمایش دوربین، ثبت رخداد",مدیر کارخانه
A084,SEC,عدم استفاده از PPE در منطقه الزامی,تحلیل ویدئو,Major,مسئول HSE,پوش,"<= 15 min","ثبت رخداد ایمنی","تکرار: آموزش مجدد"
A085,SAL,سفارش خارج از سقف اعتبار,بررسی اعتبار,Major,مدیر مالی,پوش,"<= 4 h","مسدودسازی سفارش",مدیر فروش
A086,SAL,حاشیه سود زیر حداقل,بررسی قیمت‌گذاری,Major,مدیر فروش,پوش,"<= 24 h","توقف ثبت تا بازنگری بها",مدیر مالی
A087,SAL,تأخیر در ارسال سفارش مشتری کلیدی,انحراف از وعده,Major,مدیر فروش,پوش,"<= 2 h","اطلاع‌رسانی به مشتری",مدیر کارخانه
A088,SAL,چک برگشتی مشتری,ثبت در بانک,Critical,مدیر مالی,پوش,"<= 1 h","مسدودسازی فروش مدت‌دار",مدیرعامل
A089,EXP,مغایرت اسناد با LC,بررسی تطبیق,Critical,کارشناس بازرگانی خارجی,پوش + ایمیل,"<= 4 h","قفل ارسال تا اصلاحیه",مدیر بازرگانی
A090,EXP,سررسید ارزی نزدیک,تاریخ سررسید - 7 روز,Major,مدیر مالی,ایمیل + پوش,"<= 24 h","یادآوری و برنامه تسویه",مدیرعامل
A091,EXP,تأخیر در ترخیص گمرکی,زمان > SLA,Major,کارشناس بازرگانی خارجی,پوش,"<= 4 h","پیگیری با ترخیص‌کار","بیش از 3 روز: مدیر بازرگانی"
A092,EXP,انحراف دمای کانتینر یخچالی,دیتالاگر,Major,QC,پوش,"<= 1 h","بررسی پیش از تحویل",مدیر کیفیت
A093,FIN,انحراف بهای تمام‌شده بیش از 5 درصد,مقایسه واقعی/استاندارد,Major,کنترلر مالی,پوش,"<= 24 h","تحلیل علل تفکیکی",مدیر مالی
A094,FIN,مغایرت در تأیید سه‌گانه,عدم تطابق PO/رسید/فاکتور,Major,حسابدار خرید,پوش,"<= 24 h","قفل پرداخت",مدیر مالی
A095,FIN,سررسید چک/تعهد,تاریخ سررسید,Major,خزانه‌دار,ایمیل + پوش,"<= 48 h","یادآوری","کمتر از 3 روز: مدیر مالی"
A096,FIN,رویداد مالی ثبت‌نشده (شکست یکپارچگی),خطا در Kafka/API,Critical,مدیر مالی + IT,آلارم مانیتورینگ,"<= 30 min","ورود به صف خطا و تلاش مجدد","بیش از 50 رویداد: مدیر IT"
A097,FIN,خرج‌کرد بیش از بودجه مصوب,درخواست خرید,Major,مدیر بودجه,پوش,"<= 24 h","توقف تأیید خرید",مدیرعامل
A098,IT,قطع سرویس L3 (MES/WMS/CMMS),مانیتورینگ سلامت,Critical,مدیر IT,آلارم + پیامک,"<= 15 min"," failover و اطلاع به واحدها","بیش از 1 ساعت: مدیر کارخانه"
A099,IT,تأخیر ستون فقرات رویداد,Kafka lag > آستانه,Major,تیم داده,آلارم,"<= 30 min","بررسی مصرف‌کننده‌ها","بیش از 1 ساعت: مدیر IT"
A100,IT,تلاش دسترسی غیرمجاز به OT,SIEM,Critical,افسر امنیت OT,آلارم + قطع دسترسی,"<= 15 min","مسدودسازی و بررسی","گزارش به مدیرعامل"
A101,IT,نقص در پشتیبان‌گیری,مانیتور پشتیبان,Major,مدیر IT,ایمیل,"<= 4 h","اجرای مجدد و تحلیل علت","دو بار پیاپی: مدیر IT"
A102,IT,تأخیر داده در انبار داده,زمان بارگذاری > 15 دقیقه,Major,تیم داده,آلارم,"<= 1 h","بررسی خط لوله داده",-
A103,IT,عدم همگام‌سازی MDM با یک سیستم,بررسی وضعیت,Major,دفتر مدیریت داده,پوش,"<= 4 h","اجرای مجدد همگام‌سازی","بیش از 24 ساعت: معمار کل"
A104,IT,نگه‌داری کلاینت آفلاین بیش از سقف,Outbox > 72 ساعت,Critical,پشتیبانی,پوش,"<= 2 h","مراجعه حضوری و تخلیه صف",مدیر IT
A105,MDM,تخطی از قواعد کیفیت داده پایه,اعتبارسنجی MDM,Major,مالک داده,پوش,"<= 24 h","قرنطینه رکورد تا اصلاح","تکرار: دفتر مدیریت داده"
