id,lever,driver_kpi,baseline,target,delta_basis,annual_delta,unit_value_usd,saving_low_musd,saving_high_musd,oneoff_low_musd,oneoff_high_musd,confidence,starts_phase,notes
B01,کاهش ضایعات فرآیندی و بهبود FPY,K004,"FPY ۹۴٪","FPY ۹۸٪","۴ pp × ۳۶٬۰۰۰ تن/سال",1440 تن/سال,750,0.90,1.40,0,0,بالا,P2,موادِ این ۱٬۴۴۰ تن قبلاً پرداخت شده است؛ فقط بسته‌بندی و انرژیِ اضافی کسر می‌شود
B02,کاهش توقف برنامه‌ریزی‌نشده,K002,"Availability ۶۴٪","Availability ۸۳٪","۱۹ pp × ۳۶٬۰۰۰ تن اسمی؛ ۳۰٪ قابل فروش",2050 تن/سال,300,0.80,1.50,0,0,متوسط,P2,"محدودیت بازار لحاظ شده؛ بازهٔ بالا در صورت وجود تقاضای محقق‌نشده"
B03,کاهش موجودی راکد قطعات یدکی,K056,"موجودی ۲.۴ M USD","کاهش ۱۵–۲۵٪","هزینهٔ نگه‌داری ۱۸٪/سال + حذف خرید اضطراری",—,—,0.15,0.25,0.40,0.60,متوسط,P3,"بخشِ یک‌باره، آزادسازیِ نقد است نه سود"
B04,کاهش مصرف انرژی ویژه,K0EN,"۱۱۵ kWh/تن","۹۰ kWh/تن","۲۵ kWh/تن × ۳۶٬۰۰۰ تن",900000 kWh/سال,0.08,0.06,0.10,0,0,بالا,P5,"فقط برق؛ گاز و بخار در این مدل نیستند"
B05,کاهش هزینهٔ ممیزی و آماده‌سازی انطباق,K112,"آماده‌سازی دستی","خودکار از Audit Trail","۴ ممیزی/سال × ۱۲k دلار × ۶۰٪ صرفه‌جویی",—,—,0.10,0.30,0,0,متوسط,P4,"شامل صرفه‌جوییِ وقتِ نیروهای واحدها هم هست"
B06,کاهش دامنه و هزینهٔ فراخوان محصول,K0TR,"ردیابی ~۴ ساعت","ردیابی < ۳۰ ثانیه","۱ رخداد در هر ۳ سال؛ هزینه ۱.۵ M → ۰.۳ M",0.33 رخداد/سال,3600000,0.20,0.45,0,0,پایین,P3,"بیشترین عدم‌قطعیت؛ مبتنی بر کاهشِ دامنهٔ فراخوان"
B07,بهبود دقت موجودی و کاهش ضایعات تاریخ‌گذشته,K022,"دقت ۸۴٪","دقت ۹۸.۵٪","۰.۵٪ از ۳۲٬۴۰۰ تن مواد اولیه",162 تن/سال,900,0.10,0.20,0.30,0.50,متوسط,P3,اجرای FEFO و جلوگیری از انقضای مواد
B08,کاهش ثبت دستی و دوباره‌کاری اداری,K111,"ثبت دستی ۱۰۰٪","ثبت دستی < ۵٪","۴۵ نفر × ۱.۲ ساعت/روز × ۳۰۰ روز",16200 ساعت/سال,10,0.15,0.25,0,0,بالا,P3,نرخِ تمام‌بارشدهٔ نیروی کار ۱۰ دلار/ساعت [فرض]
B09,بهبود OTIF و حذف ارسال فوری,K030,"OTIF ۷۶٪","OTIF ۹۵٪","کاهش ۶۰٪ در جریمه و ارسال فوری",—,—,0.12,0.25,0,0,متوسط,P4,"جریمهٔ دیرکردِ فعلی ۰.۳۰ M USD/سال [فرض]"
B10,کاهش تعمیرات اضطراری و افزایش عمر دارایی,K048,"اضطراری ۳۵٪ کار","اضطراری ۱۲٪ کار","بودجهٔ نت ۱.۸ M USD؛ ضریب هزینه ۱.۸×",—,—,0.12,0.25,0,0,متوسط,P3,تعمیر اضطراری گران‌تر از کارِ برنامه‌ریزی‌شده است
