standard,scope,requirements,evidence
**IEC 62443**,امنیت OT,زون/کاندویت، کنترل دسترسی، مدیریت وصله، پایش,مستندات معماری، گزارش تست نفوذ
**ISO 27001**,امنیت اطلاعات,ISMS، مدیریت ریسک، کنترل دسترسی، رمزنگاری,سیاست‌ها، لاگ‌ها، بازنگری مدیریت
**ISO 22301**,تداوم کسب‌وکار,BIA، DR، RPO/RTO، تمرین بازیابی,طرح DR، صورت‌جلسهٔ تمرین
**ISO 9001**,مدیریت کیفیت,کنترل مستندات، ردیابی، CAPA، Audit Trail,گردش‌کار QMS، NCR/CAPA
**ISO 14001**,محیط‌زیست,پایش خروجی‌ها، مدیریت پسماند، مانیفست,ماژول پسماند و پایش زیست‌محیطی
**ISO 45001**,ایمنی و بهداشت,PTW، LOTO، ارزیابی ریسک، آموزش، رخداد,ماژول HSE، ماتریس ریسک، سوابق آموزش
**HACCP / FSSC 22000**,ایمنی مواد غذایی,نقاط کنترل بحرانی (CCP)، پایش پیوسته، ردیابی، انحراف,MES + LIMS + Historian + گیت‌های کیفیت
**IEC 61508/61511 (SIL)**,ایمنی عملکردی,طراحی SIS مستقل، تست اثبات دوره‌ای، مستندات,محاسبات SIL، گزارش‌های تست
**ISA-88 / ISA-95**,مدل‌سازی فرآیند و یکپارچه‌سازی,Recipe/بچ، مدل تجهیز، مدل اطلاعات,مدل دادهٔ MES/MDM
**ISA-18.2 / IEC 62682**,مدیریت آلارم,مهندسی آلارم، مستندسازی، پایش,کاتالوگ آلارم [`09-alarm-map.md`](09-alarm-map.md)
**ISO 22400**,KPI تولید,تعاریف استاندارد شاخص‌ها,کاتالوگ KPI [`08-kpi-catalog.md`](08-kpi-catalog.md)
**GS1 / EPCIS**,شناسایی و ردیابی,GTIN، SSCC، GLN، برچسب‌گذاری,خروجی برچسب‌ها و اسناد
**ISO 14224**,دادهٔ قابلیت اطمینان,درخت علل خرابی، کدگذاری تجهیز,CMMS
**ISO 20816**,پایش لرزش,خطوط مبنا و آستانه‌ها,PdM
**مالیات/صورت‌حساب الکترونیکی**,مالی,صدور و ارسال الکترونیکی فاکتور، نگه‌داری,ماژول مالی + اتصال سامانه
**گمرک/ارز**,تجارت خارجی,اظهارنامه، تسویهٔ ارزی، مجوزها,ماژول تجارت خارجی
**بیمه و کار**,HR,لیست بیمه، کارکرد، حوادث,HRM + HSE
**حفاظت از داده‌های شخصی**,حریم خصوصی,حداقل‌سازی، کنترل دسترسی، نگه‌داری محدود، اطلاع‌رسانی,سیاست حریم خصوصی، لاگ دسترسی‌ها
