id,clause,why_critical
C1,**مالکیت داده و خروج کامل**: داده متعلق به کارخانه است؛ تحویلِ خروجِ کامل (schema + داده) در هر زمان و در پایان قرارداد، در قالب باز,جلوگیری از گروگان‌گیریِ داده
C2,**دسترسی به API و مستندات**: API پایدار و مستند؛ هر تغییرِ شکننده با اطلاعِ ۶ ماهه,ADR-010
C3,**انتقال دانش**: مستندات، Runbook، آموزشِ تیم داخلی، و تحویلِ کد/پیکربندی؛ پرداختِ بخش نهایی منوط به تأیید انتقال دانش,ریسک R16
C4,**SLA و جریمه**: زمان پاسخ بر اساس severity، در دسترس‌بودنِ ماهانه، جریمهٔ عدم رعایت,قابلیت اتکا
C5,**معیارهای پذیرشِ قراردادی**: پذیرش بر اساس سناریوهای UAT این پروژه، نه «نصب شد»,[`13-uat-checklist.md`](13-uat-checklist.md)
C6,**امنیت و ممیزی**: تعهد به IEC 62443/ISO 27001، گزارش‌دهیِ حادثه ظرف ۲۴ ساعت، حقِ ممیزی,ADR-008
C7,**محرمانگی و حریم خصوصی**: پردازش داده‌های شخصی مطابق سیاست کارخانه,ریسک R20
C8,**تغییرات (Change Request)**: نرخِ از پیش توافق‌شده برای تغییرات؛ فرآیندِ کنترل تغییر,ریسک R18
C9,**تداوم و تضمین**: Escrow برای نرم‌افزارِ سفارشی؛ تعهد به پشتیبانی حداقل ۵ سال,ریسک R16/R19
C10,**تثبیت قیمت و ارز**: سازوکارِ تعدیل در صورت نوسان ارز (با سقف),ریسک R13
C11,**منابع کلیدی**: نام بردن از افراد کلیدی و شرطِ عدم جایگزینیِ بدون تأیید,ریسک R12
C12,**تحویلِ مستنداتِ معماری**: دفترچهٔ API، مدل داده، نقشهٔ استقرار، وابستگی‌ها,نگهداشت‌پذیری
