time,action,owner
T-۲ ۰۸:۰۰,توقفِ تولیدِ برنامه‌ریزی‌شده آغاز می‌شود,مدیر تولید
T-۲ ۰۸:۳۰,پایان شمارش فیزیکی و قفلِ اعداد,سرپرست انبار
T-۲ ۱۰:۰۰,آخرین خروجی از سیستم قدیم (Final Extract),تیم فنی
T-۲ ۱۲:۰۰,بارگذاری موجودی اولیه در WMS,انبار + تیم داده
T-۲ ۱۶:۰۰,آشتی‌سازیِ موجودی (Reconciliation),سرپرست انبار
T-۱ ۰۸:۰۰,بارگذاری دارایی‌ها، PMها، سفارش‌های باز,نت/بازرگانی
T-۱ ۱۲:۰۰,تستِ پذیرش نهایی با سناریوهای UAT-01 تا UAT-12,کاربران کلیدی
T-۱ ۱۸:۰۰,**جلسهٔ Go/No-Go #۲** — تصمیم نهایی,مدیرعامل + مدیر کارخانه
T-۱ ۲۰:۰۰,فعال‌سازیِ دسترسی‌ها (Provisioning),IT
T=0 ۰۶:۰۰,شروع تولید با سیستم جدید (اولین دستور کار),سرپرست شیفت
T=0 ۰۸:۰۰,پایشِ لحظه‌ای در «اتاق جنگ»,تیم پروژه
T=0 ۱۲:۰۰,اولین بچ ثبت، ردیابی و ترخیص می‌شود,تولید + QC
