abbr,fa,desc
MES,سامانهٔ اجرای تولید,مدیریت دستور کار، شجره‌نامه، OEE
MOM,مدیریت عملیات تولید,umbrellaی MES/QMS/WMS/CMMS
LIMS,سامانهٔ مدیریت آزمایشگاه,نمونه، آزمون، نتیجه، تأیید
WMS,سامانهٔ مدیریت انبار,مکان‌محور، لایه‌ای، اسکن‌محور
CMMS/EAM,سامانهٔ نگهداشت / مدیریت دارایی,درخت دارایی، PM، PdM
MDM,مدیریت دادهٔ پایه,Single Source of Truth
Historian,پایگاه دادهٔ سری‌زمانی,دادهٔ فرآیندی با برچسب زمان
PTW,مجوز کار (Permit to Work),گرم/ارتفاع/فضای بسته/برق
LOTO,قفل‌گذاری/برچسب‌گذاری,Lockout/Tagout
OEE,اثربخشی کلی تجهیز,A × P × Q
FPY,بازده اولین بار,بدون دوباره‌کاری
OTIF,تحویل به‌موقع و کامل,On Time In Full
SSCC,کد سریال واحد حمل (GS1),شناسهٔ پالت
FEFO/FIFO,انقضا/ورود — اولین خارج‌شود,قاعدهٔ برداشت
ATP,موجودی قابل تعهد,Available-to-Promise
SIL,سطح یکپارچگی ایمنی,IEC 61508/61511
DMZ,منطقهٔ غیرنظامی,جداسازی OT/IT
RACI,مسئول/پاسخگو/مشورت/مطلع,ماتریس نقش‌ها
RPO/RTO,نقطهٔ بازیابی زمان/داده,DR
