param,assumed_value,tag,verify
نوع صنعت,فرآورش غذاییِ **بچ‌محور** (۳ خط: آماده‌سازی، پخت/فرآیند، بسته‌بندی) با الزامات بهداشتی بالا,[فرض],بازدید میدانی + لیست محصولات
ظرفیت تولید,۱۲۰ تن محصول در روز (۴۰ تن/خط/روز)، ۳۶٬۰۰۰ تن/سال (۳۰۰ روز کاری),[فرض],دادهٔ ۱۲ ماههٔ فروش/تولید
تعداد شیفت,۳ شیفتِ ۸ ساعته، ۲۴/۷ (به‌جز توقف‌های برنامه‌ریزی‌شده PM),[فرض],قراردادهای کاری + برنامهٔ تولید
تعداد پرسنل,۴۵۰ نفر: ۳۲۰ تولید · ۴۵ نگهداشت · ۳۰ QC/آزمایشگاه · ۵۵ ستاد (ستادی: مالی/HR/بازرگانی/IT/حراست),[فرض],فایل پرسنلی HR
وضعیت فعلی,**نیمه‌اتومات**: PLCهای قدیمی (Siemens S7-300، چند Modbus RTU)، ۲ خط دارای HMI محلی،**بدون MES**، ERP جزئی (مالی + انبار سنتی)، ثبت کاغذی در QC و نت,[فرض],ممیزی فنی تجهیزات + نقشهٔ شبکه
الزامات قانونی,ISO 9001، ISO 14001، ISO 45001، HACCP، FSSC 22000؛ الزامات مالیاتی/بیمه/گمرکیِ جاری,[فرض],گواهی‌نامه‌ها + نظر مشاور انطباق
زبان و منطقه,فارسی (RTL) پیش‌فرض + انگلیسی + عربی؛ تقویم شمسی؛ واحد SI + واحدهای محلی (تن، کیلوگرم)؛ چندارزی (ریال/تومان، USD، EUR),[فرض],مصاحبه با ذی‌نفعان
محدودهٔ جغرافیایی,یک سایت تولیدی + یک انبار محصول خارج از سایت,[فرض],—
افق برنامه‌ریزی,۳۰ ماه اجرا + ۵ سال بهره‌برداری,[فرض],—
