id,unit,kpi_slug,kpi_fa,formula,target,source_system,data_owner,frequency,dashboard,notes
K001,PRD,OEE,OEE (اثربخشی کلی تجهیز),Availability × Performance × Quality,>= 75%,MES,مدیر تولید,Shift,داشبورد مدیرعامل,شاخص طلایی پروژه
K002,PRD,Availability,در دسترس‌بودن,زمان کارکرد / زمان برنامه‌ریزی‌شده × 100,>= 83%,MES Downtime,سرپرست تولید,Shift,داشبورد خط,-
K003,PRD,Performance,عملکرد,(تولید واقعی × زمان استاندارد) / زمان کارکرد × 100,>= 93%,MES Counter,سرپرست تولید,Shift,داشبورد خط,-
K004,PRD,Quality,کیفیت (FPY),تولید سالم از اولین بار / کل تولید × 100,>= 98.5%,MES + LIMS,QC,Shift,داشبورد کیفیت,-
K005,PRD,Throughput,نرخ تولید,تولید سالم / زمان کارکرد (تن بر ساعت),برنامه ±5%,MES,مدیر تولید,Shift,تابلوی Andon,-
K006,PRD,ScrapRate,نرخ ضایعات,ضایعات / کل ورودی × 100,<= 1.5%,MES,سرپرست تولید,Shift,داشبورد خط,-
K007,PRD,Rework,نرخ دوباره‌کاری,مقدار بازکاری‌شده / کل تولید × 100,<= 0.7%,MES,QC,Daily,داشبورد کیفیت,-
K008,PRD,Cpk,توان فرآیند,"MIN[(USL-م)/3سیگما, (م-LSL)/3سیگما]",>= 1.33,SPC/LIMS,QC,Per-sample,صفحه SPC,شاخص‌های بحرانی
K009,PRD,ScheduleAdherence,انطباق با برنامه,تولید تحویلی / تولید برنامه‌ریزی‌شده × 100,>= 95%,MES vs APS,برنامه‌ریز تولید,Daily,داشبورد تولید,-
K010,PRD,Changeover,زمان تعویض خط,AVG(زمان بین پایان WO تا اولین محصول سالم WO بعد),کاهش 30%,MES,مهندسی صنایع,Weekly,گزارش بهبود,هدف SMED
K011,PRD,MTBF_Line,MTBF خط,زمان کارکرد / تعداد توقف‌های خرابی,>= 8 h,MES + CMMS,نت,Monthly,گزارش قابلیت اطمینان,-
K012,PRD,MTTR_Line,MTTR خط,مجموع زمان توقف‌های خرابی / تعداد,<= 45 min,MES + CMMS,نت,Monthly,گزارش قابلیت اطمینان,-
K013,PRD,MaterialVariance,انحراف مصرف مواد,مصرف واقعی / مصرف استاندارد × 100,98-102%,MES vs BOM,مهندسی فرآیند,Per-batch,گزارش بهای تمام‌شده,-
K014,PRD,BatchReleaseTime,زمان ترخیص بچ,AVG(زمان ترخیص - پایان تولید),<= 8 h,MES/LIMS,QC,Daily,داشبورد QC,-
K015,QCL,QCReleaseTime,زمان آزادسازی QC ورودی,AVG(زمان آزادسازی - زمان نمونه‌برداری),<= 8 h,LIMS,QC,Weekly,داشبورد انبار,-
K016,QCL,IncomingReject,درصد رسیدهای قرنطینه‌شده,قرنطینه / کل رسید × 100,<= 5%,WMS/LIMS,QC,Monthly,گزارش تأمین‌کننده,-
K017,QCL,SupplierPPM,کیفیت تأمین‌کننده (PPM),"اقلام نامنطبق / کل اقلام × 1,000,000",<= 5000,QC,QC,Monthly,کارت امتیاز تأمین‌کننده,-
K018,QCL,CAPACloseTime,زمان بستن CAPA,AVG(زمان بستن - زمان ایجاد),<= 30 روز,QMS,QC,Monthly,داشبورد کیفیت,-
K019,QCL,NCRCount,تعداد عدم انطباق باز,COUNT(NCR با وضعیت باز),کاهش مستمر,QMS,QC,Weekly,داشبورد کیفیت,-
K020,QCL,TestTurnaround,زمان پاسخ آزمایشگاه,AVG(زمان نتیجه - زمان دریافت نمونه),<= 6 h,LIMS,QC,Weekly,داشبورد آزمایشگاه,-
K021,QCL,CalibOnTime,کالیبراسیون به‌موقع,کالیبراسیون‌های انجام‌شده در موعد / کل × 100,100%,CMMS,QC,Monthly,گزارش انطباق,الزام ISO
K022,RMW,InventoryAccuracy,دقت موجودی مواد,1 - (abs(مغایرت) / موجودی سیستمی) × 100,>= 98.5%,WMS,سرپرست انبار,Monthly,داشبورد انبار,شمارش دوره‌ای
K023,RMW,WasteRate,ضایعات و انقضای مواد,ارزش ضایعات / ارزش دریافتی × 100,<= 0.5%,WMS,سرپرست انبار,Monthly,گزارش مالی,-
K024,RMW,ReceivingCycle,زمان چرخه دریافت,AVG(پایان تخلیه - ورود کامیون),<= 90 min,WMS/ANPR,سرپرست انبار,Weekly,داشبورد گیت,-
K025,RMW,StorageCompliance,انطباق شرایط نگهداری,زمان در بازه / کل زمان × 100,>= 99.5%,سنسور محیطی,QC,Monthly,گزارش انطباق,-
K026,RMW,FEFORate,درصد برداشت منطبق با FEFO,برداشت‌های منطبق / کل × 100,>= 99%,WMS,سرپرست انبار,Monthly,گزارش کیفیت,-
K027,RMW,FillRate,نرخ تأمین مواد برای تولید,مقدار تحویلی / مقدار درخواستی × 100,>= 98%,WMS vs MES,سرپرست انبار,Weekly,داشبورد تولید,-
K028,RMW,TruckTurnaround,زمان توقف کامیون,AVG(خروج - ورود),<= 120 min,ANPR,حراست,Weekly,داشبورد گیت,-
K029,RMW,QuarantineValue,ارزش موجودی قرنطینه,ارزش قرنطینه / ارزش کل × 100,<= 5%,WMS,QC,Weekly,داشبورد انبار,-
K030,FGW,OTIF,تحویل به‌موقع و کامل,سفارش‌های به‌موقع و کامل / کل × 100,>= 95%,WMS/ERP,مدیر لجستیک,Weekly,داشبورد مدیرعامل,-
K031,FGW,OnTime,تحویل به‌موقع,تحویل در بازه موردنظر / کل × 100,>= 97%,WMS,مدیر لجستیک,Weekly,داشبورد ارسال,-
K032,FGW,InFull,تحویل کامل,تحویل بدون کسری / کل × 100,>= 97%,WMS,مدیر لجستیک,Weekly,داشبورد ارسال,-
K033,FGW,ShipAccuracy,دقت ارسال,ارسال‌های بدون مغایرت / کل × 100,>= 99.5%,WMS/e-POD,سرپرست انبار,Monthly,گزارش کیفیت خدمت,-
K034,FGW,ShipCycle,زمان چرخه ارسال,AVG(خروج کامیون - تأیید سفارش),<= 24 h,WMS,سرپرست انبار,Weekly,داشبورد ارسال,-
K035,FGW,LoadingTime,زمان بارگیری,AVG(پایان بارگیری - شروع),<= 45 min,WMS,سرپرست انبار,Weekly,داشبورد ارسال,-
K036,FGW,ProductWaste,ضایعات محصول در انبار,ارزش ضایعات / ارزش موجودی × 100,<= 0.3%,WMS,سرپرست انبار,Monthly,گزارش مالی,-
K037,FGW,SSCCCoverage,پوشش برچسب پالت,پالت‌های دارای SSCC / کل × 100,100%,WMS,سرپرست انبار,Daily,داشبورد انبار,-
K038,FGW,ColdChainCompliance,انطباق زنجیره سرد,زمان در بازه / کل زمان حمل × 100,>= 99%,دیتالاگر دما,QC,Monthly,گزارش کیفیت,-
K039,FGW,RecallResponse,زمان پاسخ به فراخوان (مانور),زمان تولید لیست اقلام در معرض,<= 30 s,MES/WMS,QC,Quarterly,گزارش مانور,مانور فصلی الزامی
K040,MRO,ServiceLevel,سطح خدمت قطعات بحرانی,درخواست‌های تأمین‌شده / کل درخواست‌ها × 100,>= 95%,WMS + CMMS,سرپرست نت,Monthly,داشبورد نت,-
K041,MRO,DeadStock,موجودی راکد,ارزش اقلام بدون گردش > 12 ماه / ارزش کل × 100,<= 12%,WMS,سرپرست نت,Quarterly,گزارش مالی,-
K042,MRO,InventoryAccuracyMRO,دقت موجودی انبار فنی,1 - (abs(مغایرت) / موجودی سیستمی) × 100,>= 98%,WMS,سرپرست انبار فنی,Monthly,داشبورد انبار فنی,-
K043,MRO,LeadTime,زمان تأمین واقعی,AVG(دریافت - درخواست),<= 45 روز,WMS + ERP,بازرگانی,Monthly,کارت امتیاز تأمین‌کننده,-
K044,MRO,InventoryTurnover,گردش موجودی قطعات,مصرف سالانه / میانگین موجودی,>= 2.5,WMS,سرپرست نت,Annual,گزارش مالی,-
K045,MRO,BelowROP,درصد اقلام زیر نقطه سفارش,زیر ROP / کل اقلام فعال × 100,<= 5%,WMS,سرپرست انبار فنی,Weekly,داشبورد انبار فنی,-
K046,MRO,PMMaterialReady,آمادگی قطعه برای PM,PMهای دارای کمبود قطعه / کل PM × 100,<= 3%,CMMS + WMS,برنامه‌ریز نت,Weekly,داشبورد نت,-
K047,MNT,MTBF,میانگین زمان بین خرابی‌ها,زمان کارکرد / تعداد خرابی,>= 3500 h,CMMS,نت,Monthly,داشبورد قابلیت اطمینان,تجهیز کلاس A
K048,MNT,MTTR,میانگین زمان تعمیر,مجموع زمان تعمیر / تعداد خرابی‌ها,<= 3 h,CMMS,نت,Monthly,داشبورد نت,-
K049,MNT,Availability_Asset,در دسترس‌بودن تجهیز,MTBF / (MTBF + MTTR) × 100,>= 95%,CMMS,نت,Monthly,داشبورد نت,-
K050,MNT,PMCompliance,درصد PM به‌موقع,PM انجام‌شده در تلورانس / کل برنامه × 100,>= 95%,CMMS,سرپرست نت,Weekly,داشبورد نت,-
K051,MNT,PlannedWorkRatio,نسبت کار برنامه‌ریزی‌شده,ساعت کار برنامه‌ریزی‌شده / کل ساعت کار × 100,>= 80%,CMMS,مدیر نت,Monthly,داشبورد مدیریت,هدف از 40% کنونی
K052,MNT,EmergencyRatio,درصد کار اضطراری,ساعت کار اضطراری / کل × 100,<= 20%,CMMS,مدیر نت,Monthly,داشبورد مدیریت,-
K053,MNT,MaintCostRatio,هزینه نگهداشت به ارزش دارایی,هزینه سالانه نت / ارزش جایگزینی × 100,2-4%,CMMS + ERP,مدیر نت,Annual,گزارش مدیریتی,-
K054,MNT,MaintCostPerTon,هزینه نت به‌ازای تن,هزینه نت / تولید سالم,کاهش 15%,CMMS + MES,مدیر نت,Monthly,داشبورد مالی,-
K055,MNT,PdMCoverage,پوشش پیش‌بینی خرابی,خرابی‌های پیش‌بینی‌شده / کل خرابی‌ها × 100,>= 40%,PdM + CMMS,مهندس قابلیت اطمینان,Quarterly,داشبورد PdM,-
K056,MNT,PdMPrecision,دقت پیش‌بینی PdM,هشدارهای درست / کل هشدارها × 100,>= 75%,PdM,مهندس قابلیت اطمینان,Quarterly,داشبورد PdM,هشدار کاذب هزینه دارد
K057,MNT,PMBacklog,عقب‌افتادگی PM,PM معوق / کل برنامه × 100,<= 5%,CMMS,سرپرست نت,Weekly,داشبورد نت,-
K058,ELE,PowerFactor,ضریب توان,AVG(PF) در نقطه ورودی,>= 0.95,پاورمتر,مهندس برق,Monthly,داشبورد انرژی,جریمه در صورت افت
K059,ELE,EnergyIntensity,شدت مصرف برق,kWh / تن محصول,<= 95,EMS + MES,مهندس برق,Monthly,داشبورد مدیرعامل,-
K060,ELE,OutageCount,تعداد و مدت قطعی برق,COUNT و SUM(مدت),<= 2 قطعی و <= 1 h در ماه,EMS,مهندس برق,Monthly,گزارش قابلیت اطمینان,-
K061,ELE,RelayTrips,تعداد تریپ‌های حفاظتی,COUNT(protection trips),کاهش 30% سالانه,رله دیجیتال,مهندس برق,Monthly,داشبورد برق,-
K062,ELE,UPSReadiness,آمادگی UPS,تست‌های موفق / برنامه × 100,100%,CMMS,سرپرست برق,Monthly,داشبورد برق,-
K063,ELE,GensetReadiness,آمادگی ژنراتور,تست‌های موفق / برنامه × 100,100%,CMMS,سرپرست برق,Weekly,داشبورد تأسیسات,تست هفتگی
K064,ELE,DistributionLoss,تلفات توزیع داخلی,(انرژی ورودی - مجموع زیرکنتورها) / ورودی × 100,<= 3%,کنتورها,مهندس برق,Monthly,داشبورد انرژی,-
K065,ELE,Hotspots,نقاط داغ ترموگرافی,COUNT(نقاط با انحراف),کاهش مستمر,ترموگرافی,سرپرست برق,Quarterly,گزارش بازرسی,-
K066,MEC,PumpMTBF,MTBF پمپ‌های بحرانی,زمان کارکرد / تعداد خرابی,>= 5000 h,CMMS,سرپرست مکانیک,Monthly,داشبورد قابلیت اطمینان,-
K067,MEC,MechanicalDowntime,زمان توقف مکانیکی,SUM(زمان توقف با علت مکانیکی),کاهش 30%,MES + CMMS,سرپرست مکانیک,Monthly,داشبورد نت,-
K068,MEC,VibrationHealth,میانگین امتیاز سلامت دوارها,AVG(health_score),>= 85,PdM,مهندس ارتعاشات,Monthly,داشبورد PdM,-
K069,MEC,LubeCompliance,روانکاری به‌موقع,وظایف انجام‌شده / برنامه × 100,>= 98%,CMMS,سرپرست مکانیک,Weekly,داشبورد مکانیک,-
K070,MEC,AirLeakage,تلفات هوای فشرده,(تولید - مصرف اندازه‌گیری‌شده) / تولید × 100,<= 10%,فلومتر + بازرسی,سرپرست مکانیک,Quarterly,گزارش انرژی,-
K071,MEC,BearingFailureRate,نرخ خرابی یاتاقان,خرابی‌های یاتاقان / تعداد تجهیز دوار,کاهش 40%,CMMS,مهندس مکانیک,Annual,گزارش قابلیت اطمینان,-
K072,UTL,SteamIntensity,مصرف ویژه بخار,تن بخار / تن محصول,کاهش 10%,فلومتر + MES,مهندس تأسیسات,Monthly,داشبورد انرژی,-
K073,UTL,WaterIntensity,مصرف ویژه آب,m3 آب / تن محصول,کاهش 15%,کنتور + MES,مهندس تأسیسات,Monthly,داشبورد انرژی,-
K074,UTL,UtilityCostPerTon,هزینه خدمات به‌ازای تن,هزینه بخار+هوا+آب+برق / تن محصول,کاهش 12%,ERP + EMS,مدیر نت,Monthly,داشبورد مالی,-
K075,UTL,BoilerEfficiency,راندمان بویلر,انرژی خروجی بخار / انرژی ورودی سوخت × 100,>= 85%,محاسبه از اندازه‌گیری,مهندس تأسیسات,Monthly,داشبورد انرژی,-
K076,UTL,ChillerCOP,کارایی چیلر,کیلووات برق / تن تبرید,بهبود 8%,EMS,مهندس تأسیسات,Monthly,داشبورد انرژی,-
K077,UTL,UtilitiesAvailability,آمادگی تأسیسات,زمان در دسترس‌بودن خدمت / زمان مورد نیاز × 100,>= 99%,CMMS,سرپرست تأسیسات,Monthly,داشبورد تأسیسات,-
K078,UTL,EnvCompliance,انطباق زیست‌محیطی,تعداد روزهای خارج از حد مجاز,0,آنالایزر + HSE,HSE,Monthly,گزارش انطباق,الزام قانونی
K079,UTL,UtilityDowntime,توقف‌های تولید ناشی از تأسیسات,COUNT,کاهش 50%,MES + CMMS,سرپرست تأسیسات,Monthly,داشبورد نت,-
K080,HSE,LTIFR,نرخ فرکانس حوادث منجر به زمان ازدست‌رفته,"حوادث LTI × 1,000,000 / ساعات کارکرد",<= 1.2,HSE + HRM,مدیر HSE,Monthly,داشبورد مدیرعامل,-
K081,HSE,TRIR,نرخ کل حوادث قابل ثبت,"کل حوادث × 200,000 / ساعات کارکرد",<= 2.5,HSE + HRM,مدیر HSE,Monthly,داشبورد HSE,-
K082,HSE,NearMissRate,نرخ شبه‌حادثه,"تعداد Near-Miss / 200,000 ساعت کار",افزایش (بلوغ گزارش‌دهی),HSE,مدیر HSE,Monthly,داشبورد HSE,افزایش نشانه مثبت است
K083,HSE,PTWOnTime,درصد PTW بسته‌شده در زمان,بسته‌شده در زمان / کل بسته‌شده × 100,>= 95%,HSE,مدیر HSE,Weekly,داشبورد HSE,-
K084,HSE,InspectionCompliance,درصد انطباق بازرسی,بازرسی‌های انجام‌شده به‌موقع / برنامه × 100,>= 98%,HSE,مدیر HSE,Weekly,داشبورد HSE,-
K085,HSE,AlarmResponseTime,زمان پاسخ به آلارم ایمنی,AVG(زمان تأیید - زمان آلارم),<= 2 min,سامانه آلارم,مدیر HSE,Real-time,داشبورد آلارم,-
K086,HSE,ExpiredCertifications,درصد گواهی‌های منقضی,منقضی / کل الزامی × 100,0%,HRM + HSE,HSE,Daily,داشبورد انطباق,محرومیت خودکار
K087,HSE,TrainingHours,ساعات آموزش به‌ازای نفر,SUM(ساعات آموزش) / تعداد کارکنان,>= 24 h/سال,LMS,HRM,Quarterly,گزارش منابع انسانی,-
K088,SEC,GateWaitTime,زمان انتظار در گیت,AVG(زمان آزادسازی گیت - زمان ورود),<= 120 s,ACS/ANPR,مسئول حراست,Real-time,داشبورد حراست,-
K089,SEC,UnauthorizedAccess,درصد تردد غیرمجاز,رد‌شده / (مجاز + رد‌شده) × 100,<= 0.5%,ACS,مسئول حراست,Daily,داشبورد حراست,-
K090,SEC,SecurityIncidents,نرخ رخداد امنیتی,رخدادها / 1000 نفر-تردد,کاهش 20% سالانه,ACS,مسئول حراست,Monthly,گزارش مدیریت,-
K091,SEC,AlarmResponse,زمان پاسخ به آلارم امنیتی,AVG(زمان تأیید - زمان آلارم),<= 3 min,VMS/ACS,مسئول حراست,Real-time,داشبورد حراست,-
K092,SEC,PatrolCompliance,انجام گشت در زمان,گشت‌های به‌موقع / برنامه × 100,>= 98%,ACS,مسئول حراست,Weekly,داشبورد حراست,-
K093,SEC,CameraUptime,آماده‌به‌کاری دوربین‌ها,دوربین‌های آنلاین / کل × 100,>= 99%,مانیتورینگ,IT,Real-time,داشبورد زیرساخت,-
K094,HRM,AbsenceRate,نرخ غیبت,ساعات غیبت برنامه‌ریزی‌نشده / ساعات برنامه × 100,<= 3%,T&A,HRM,Monthly,داشبورد منابع انسانی,-
K095,HRM,Turnover,نرخ جابه‌جایی,خروج‌ها / میانگین کارکنان × 100,<= 12% سالانه,HRIS,HRM,Quarterly,داشبورد منابع انسانی,-
K096,HRM,LaborProductivity,بهره‌وری نیروی کار,تولید سالم (تن) / نفر-ساعت,+15% در 30 ماه,MES + T&A,مدیر تولید,Monthly,داشبورد مدیریت,-
K097,HRM,OvertimeRate,نرخ اضافه‌کاری,ساعات اضافه‌کاری / ساعات عادی × 100,<= 10%,T&A,HRM,Monthly,داشبورد منابع انسانی,-
K098,HRM,CompetencyCoverage,پوشش صلاحیت‌های الزامی,گواهی‌های معتبر / گواهی‌های الزامی × 100,100%,HRIS/HSE,HRM,Daily,داشبورد انطباق,-
K099,SAL,SalesAchievement,تحقق فروش,فروش واقعی / هدف دوره × 100,>= 100%,ERP,مدیر فروش,Monthly,داشبورد مدیرعامل,-
K100,SAL,GrossMargin,حاشیه سود ناخالص,(فروش - بهای تمام‌شده) / فروش × 100,>= هدف بودجه,ERP + MES,مدیر مالی,Monthly,داشبورد مدیرعامل,-
K101,SAL,DSO,دوره وصول مطالبات,میانگین حساب‌های دریافتنی / فروش روزانه,<= 45 روز,ERP,مدیر مالی,Monthly,داشبورد مالی,-
K102,SAL,ReturnRate,نرخ مرجوعی,ارزش مرجوعی / ارزش فروش × 100,<= 1%,ERP + کیفیت,مدیر فروش,Monthly,گزارش کیفیت خدمت,-
K103,SAL,ForecastAccuracy,دقت پیش‌بینی فروش,1 - (abs(پیش‌بینی - واقعی) / واقعی),>= 85%,CRM vs ERP,مدیر فروش,Monthly,داشبورد برنامه‌ریزی,ورودی MPS
K104,EXP,ClearanceTime,زمان ترخیص,AVG(پایان ترخیص - ورود به گمرک),<= 4 روز کاری,ماژول تجارت,بازرگانی خارجی,Monthly,داشبورد صادرات,-
K105,EXP,LogisticsCostRatio,هزینه لجستیک به فروش,هزینه حمل/بیمه/گمرک / ارزش فروش × 100,<= 6%,ERP,بازرگانی خارجی,Monthly,گزارش مالی,-
K106,EXP,DocComplianceRate,نرخ انطباق اسناد,ارسال‌های بدون مغایرت / کل × 100,>= 98%,DMS,بازرگانی خارجی,Monthly,داشبورد صادرات,-
K107,EXP,FxSettlementRate,نرخ تسویه ارزی در مهلت,تسویه‌شده به‌موقع / کل تعهدات × 100,100%,مالی,مدیر مالی,Monthly,داشبورد مالی,الزام قانونی
K108,EXP,LandedCostAccuracy,دقت بهای تمام‌شده وارداتی,abs(واقعی - برآوردی) / برآوردی × 100,<= 3%,ERP,مالی,Quarterly,گزارش مالی,-
K109,FIN,CostAccuracy,دقت بهای تمام‌شده,1 - (abs(واقعی - محاسبه‌شده) / واقعی),>= 98%,ERP vs MES,مدیر مالی,Quarterly,گزارش کنترل مدیریت,-
K110,FIN,BudgetVariance,انحراف بودجه,(هزینه واقعی - بودجه) / بودجه × 100,±5%,ERP,مدیر مالی,Monthly,داشبورد CFO,-
K111,FIN,AutoPostingRate,درصد اسناد خودکار,اسناد خودکار / کل اسناد × 100,>= 90%,ERP,مدیر مالی,Monthly,داشبورد یکپارچگی,شاخص سلامت یکپارچه‌سازی
K112,FIN,CloseCycleTime,زمان بستن دوره,تعداد روز تا بستن کامل,<= 2 روز,ERP,مدیر مالی,Monthly,داشبورد CFO,از 12 روز فعلی
K113,FIN,DPO,دوره پرداخت,میانگین حساب‌های پرداختنی / بهای تمام‌شده روزانه,45-60 روز,ERP,مدیر مالی,Monthly,داشبورد مالی,-
K114,FIN,OperatingCashFlow,جریان نقدی عملیاتی,دریافت‌های نقدی - پرداخت‌های نقدی,مطابق پیش‌بینی,ERP,مدیر مالی,Weekly,داشبورد CFO,-
K115,BI,DataFreshness,تازگی داده تحلیلی,زمان کنونی - زمان آخرین بارگذاری,<= 5 min,DWH,تیم داده,Real-time,داشبورد وضعیت داده,-
K116,BI,MDMDataQuality,کیفیت داده پایه,رکوردهای منطبق با قواعد / کل × 100,>= 98%,MDM,دفتر مدیریت داده,Weekly,داشبورد حاکمیت داده,شاخص حیاتی فاز ۰
K117,BI,TraceabilityTime,زمان ردیابی کامل بچ,زمان پاسخ پرس‌وجوی عقب/جلو,<= 30 s,MES/WMS,مدیر تولید,Quarterly,گزارش مانور,-
K118,IT,SystemAvailability,در دسترس‌بودن سامانه‌های L2/L3,زمان در دسترس / کل زمان × 100,>= 99.9%,مانیتورینگ,مدیر IT,Monthly,داشبورد زیرساخت,الزام NFR
K119,IT,OTSecurityCompliance,انطباق امنیت OT,درصد کنترل‌های IEC 62443 پیاده‌سازی‌شده,>= 95% (SL-2),SIEM/GRC,افسر امنیت OT,Quarterly,داشبورد امنیت,-
K120,PRD,ManualEntryRatio,سهم ثبت دستی داده,ثبت‌های دستی / کل ثبت‌ها × 100,< 5%,MES/MDM,مدیر تولید,Monthly,داشبورد مدیرعامل,شاخص اصلی حذف کاغذ
