domain,volume,method,target_quality,owner
کالا و BOM/Recipe,۱٬۵۰۰ قلم,استخراج → پاک‌سازی → نگاشت → بارگذاری در MDM → تأیید مالک,۱۰۰٪ اقلام کلاس A تأییدشده,مالکان داده
درخت دارایی و قطعات,۶٬۰۰۰ دارایی / ۱۲٬۰۰۰ قطعه,استخراج از فهرست موجود + بازدید میدانی برای کلاس A,۹۵٪ دارایی‌های A با BOM,نت
موجودی انبارها,—,**شمارش فیزیکی کامل** در نقطهٔ برش (نه انتقالِ اعداد قدیمی),مغایرت < ۲٪,انبار
پرسنل و سازمان,۴۵۰ نفر,انتقال + تطبیق با کارت‌های تردد,۱۰۰٪ تطبیقِ شمارهٔ پرسنلی,HRM
موجودیِ بازِ سفارش‌ها,—,انتقالِ سفارش‌های باز با وضعیتِ دقیق,بدون سفارشِ گم‌شده,بازرگانی
دستور کارهای بازِ نت,—,انتقال با اولویت؛ PMهای سررسیدِ ۳۰ روز آینده حتماً,۱۰۰٪ PMهای بحرانی,نت
ماندهٔ حساب‌ها,—,انتقالِ مانده (نه تراکنش‌های تاریخی) + آشتی‌سازی,انطباق با دفتر,مالی
دادهٔ تاریخی تحلیلی,۱۲ ماه,بارگذاری در انبار داده برای مقایسه (نه در سیستم تراکنشی),فقط برای روند,تیم داده
اسناد و مدارک,—,انتقال به DMS با فراداده و نسخه,قابل جست‌وجو,واحدها
