category,requirement,target,measurement,priority
**دسترس‌پذیری**,سامانه‌های L2/L3 (MES، SCADA، Historian، WMS، CMMS),≥ ۹۹٫۹٪ ماهانه (≈ ۴۳ دقیقه توقف در ماه),مانیتورینگ ۲۴/۷,بحرانی
دسترس‌پذیری,ERP و BI,≥ ۹۹٫۵٪ ماهانه,مانیتورینگ,بالا
دسترس‌پذیری,شبکهٔ OT,≥ ۹۹٫۹۹٪,مانیتورینگ شبکه,بحرانی
دسترس‌پذیری,پنجرهٔ نگهداری مجاز,حداکثر ۴ ساعت در ماه، خارج از شیفت تولید,تقویم نگهداری,بالا
**عملکرد**,زمان پاسخ UI (عملیات رایج),< ۱ ثانیه (p95),APM روی ۵۰ کاربر هم‌زمان,بحرانی
عملکرد,دادهٔ لحظه‌ای در SCADA,< ۵۰۰ میلی‌ثانیه سنتر→نمایش,اندازه‌گیری E2E,بحرانی
عملکرد,رویداد تولید تا ثبت در MES,< ۵ ثانیه (p95),Kafka lag,بحرانی
عملکرد,به‌روزرسانی داشبورد مدیریتی,< ۵ دقیقه,مانیتور خط لوله,متوسط
عملکرد,جست‌وجوی ردیابی بچ,< ۳۰ ثانیه,سنجهٔ سامانه,بحرانی
عملکرد,هم‌زمانیِ کاربران,۲۵۰ کاربر هم‌زمان + ۶۰۰ دستگاه,تست بار,بالا
**مقیاس‌پذیری**,افزودن خط/انبار/شعبه,بدون بازطراحی؛ فقط پیکربندی,مستندات معماری,بالا
مقیاس‌پذیری,رشد تگ‌های Historian,۳ برابر ظرفیت اولیه بدون افت,تست بار,متوسط
مقیاس‌پذیری,رشد حجم رویدادها,۵ برابر ظرفیت اولیه,تست بار,متوسط
**قابلیت اطمینان**,تحمل قطع شبکه در ایستگاه‌های کارگاهی,۷۲ ساعت عملیات کامل + همگام‌سازی بدون تکرار,تست قطع عمدی,بحرانی
قابلیت اطمینان,از دست‌رفتن رویداد,صفر (با idempotency و DLQ),انطباق شمارش,بحرانی
قابلیت اطمینان,RPO (نقطهٔ بازیابی داده),≤ ۵ دقیقه برای تراکنشی؛ ۱ دقیقه برای Historian,تمرین DR,بحرانی
قابلیت اطمینان,RTO (زمان بازیابی),≤ ۳۰ دقیقه برای L3؛ ≤ ۴ ساعت برای BI,تمرین DR,بحرانی
**نگهداشت‌پذیری**,مانیتورینگ و هشدار,۱۰۰٪ سرویس‌های بحرانی,داشبورد سلامت,بحرانی
نگهداشت‌پذیری,به‌روزرسانی,پنجرهٔ نگهداری؛ بدون توقف تولید,تقویم تغییرات,بالا
نگهداشت‌پذیری,مستندات,Runbook برای هر سرویس + نقشهٔ شبکه + دفترچهٔ API,بازنگری فصلی,بالا
**بومی‌سازی**,زبان,فارسی (RTL) پیش‌فرض + انگلیسی + عربی,تست UI,بحرانی
بومی‌سازی,تقویم,شمسی پیش‌فرض با امکان میلادی؛ ذخیرهٔ UTC,تست واحد,بحرانی
بومی‌سازی,واحدها و ارزها,SI + واحدهای محلی؛ چندارزی با نرخ روز,تست,بالا
بومی‌سازی,فرمت اعداد و تاریخ,مطابق عرف محلی در نمایش، استاندارد در ذخیره,تست,متوسط
**سخت‌افزار میدانی**,تبلت/ترمینال,IP65، ضدضربه، ضدگردوغبار، قابل استفاده با دستکش,مشخصات خرید,بالا
سخت‌افزار میدانی,پوشش بی‌سیم صنعتی,≥ −۶۵ dBm در همهٔ نقاط کاری؛ رومینگ بدون قطع,Site Survey,بحرانی
سخت‌افزار میدانی,عمر باتری,یک شیفت کامل (۸ ساعت) در استفادهٔ پیوسته,تست میدانی,بالا
**دسترسی‌پذیری**,خوانایی در نور مستقیم,≥ ۵۰۰ نیت برای نمایشگرهای میدانی,مشخصات,متوسط
دسترسی‌پذیری,بازخورد صوتی/لرزشی,برای محیط‌های پرنویز,طراحی UX,متوسط
