id,group,priority,question,why_it_matters,default_assumption,decision_owner,blocks,answer_format,due
Q01,ورودی‌های پایه,بلوکه‌کننده,نوع دقیق صنعت و محصولات چیست؟ (غذایی/دارویی/شیمیایی/فلزی/…),تعیین‌کنندهٔ الزامات انطباق و طراحی Recipe و گیت‌های کیفیت,فرآیند غذایی بچ‌محور با HACCP/FSSC 22000,مدیرعامل + مدیر کیفیت,P0/ADR-004/ADR-009,متن + فهرست خانواده‌های محصول,هفته ۱
Q02,ورودی‌های پایه,بلوکه‌کننده,ظرفیت واقعی هر خط، تعداد SKU و ترکیب محصولات چیست؟,ابعاددهی MES/WMS و زمان‌بندی و حجم رویدادها,۳ خط و ۱۲۰ تن/روز و ۳۰۰ روز کاری,مدیر تولید,P0/P2/ADR-011,جدول خط × ظرفیت × تعداد SKU,هفته ۱
Q03,ورودی‌های پایه,بلوکه‌کننده,تعداد دقیق پرسنل به تفکیک واحد و شیفت چقدر است؟,ابعاددهی لایسنس، آموزش و دستگاه‌های حضور‌وغیاب,۴۵۰ نفر در ۳ شیفت ۸ ساعته,مدیر منابع انسانی,P0/P4/ADR-007,جدول واحد × شیفت × تعداد,هفته ۱
Q04,ورودی‌های پایه,بلوکه‌کننده,وضعیت دقیق تجهیزات OT چیست؟ (مدل/سال PLC، پروتکل، آمادگی شبکه),هزینه و ریسک فاز ۲ و تعیین نیاز به گیت‌وی (R03),Siemens S7-300 + Modbus RTU؛ نیازمند ارتقا,مدیر نگهداشت + مدیر فناوری,P1/P2/ADR-003/R03,فهرست تجهیزات با مدل و پروتکل,هفته ۲
Q05,ورودی‌های پایه,بلوکه‌کننده,ERP فعلی چیست و آیا API/وب‌سرویس استاندارد دارد؟,تعیین استراتژی یکپارچه‌سازی و احتمال تعویض (R08),دارای API محدود؛ ارزیابی در فاز ۰,مدیر مالی + مدیر فناوری,P0/P4/ADR-010/R08,گزارش قابلیت + مستند API,هفته ۳
Q06,ورودی‌های پایه,بلوکه‌کننده,آیا بودجهٔ پروژه مصوب است و سقف آن چقدر؟,تعیین دامنهٔ فازها و انتخاب نرم‌افزار,۴.۹۶–۸.۴۲ میلیون دلار در ۲۴–۳۰ ماه,مدیرعامل + هیئت مدیره,P0 تا P6,عدد + سال مالی + سازوکار تعدیل ارز,هفته ۱
Q07,ورودی‌های پایه,بلوکه‌کننده,محدودیت‌های تأمین/واردات تجهیزات چیست؟ (تحریم، ارز، زمان تدارک),زمان‌بندی فاز ۱ و ۲ و راهبرد تأمین جایگزین,زمان تدارک ۳–۶ ماه,مدیر بازرگانی خارجی,P1/P2/R13,فهرست اقلام پرمخاطره + زمان تدارک,هفته ۲
Q08,معماری و فناوری,مهم,یکپارچه‌ساز واحد (SI) یا چند تأمین‌کنندهٔ Best-of-Breed؟,مسئولیت‌پذیریِ یکپارچه‌سازی و انسجام معماری,SI واحد با تعهدِ مسئولیتِ یکپارچه‌سازی سرتاسری,مدیرعامل + مدیر فناوری,P0/ADR-010,تصمیم + نام تأمین‌کنندگان,هفته ۴
Q09,معماری و فناوری,مهم,نرم‌افزارها: یک Suite یکپارچه یا Best-of-Breed؟,توازنِ هزینه در برابر انعطاف,Best-of-Breed با یکپارچه‌سازی رویدادمحور,مدیر فناوری + معمار کل,P0/P3,تصمیم به‌تفکیک حوزه,هفته ۴
Q10,معماری و فناوری,مهم,میزبانی: در محل، ابر خصوصی، یا ترکیبی؟,امنیت، هزینه، محدودیت‌های قانونی و مقررات داده,ترکیبی: OT و L3 در محل؛ BI و پورتال در ابر خصوصی,مدیر فناوری + افسر امنیت,P1/ADR-012/R06,تصمیم + الزامات قانونیِ نگه‌داری داده,هفته ۳
Q11,معماری و فناوری,مهم,آیا ERP جایگزین می‌شود یا توسعه می‌یابد؟,بزرگ‌ترین تصمیم هزینه‌ای پس از OT,توسعه مگر ناتوانیِ اثبات‌شده در فاز ۰,مدیرعامل + مدیر مالی,P0/P4/ADR-010,تصمیم + معیار ناتوانی,هفته ۳
Q12,معماری و فناوری,مهم,دامنهٔ دقیق Digital Twin چیست و چه تصمیم‌هایی با آن گرفته می‌شود؟,جلوگیری از انتظارات غیرواقعی و هزینهٔ بی‌بازگشت (R15),شبیه‌سازی زمان‌بندی + انرژی + سناریوی فراخوان + آموزش اپراتور,مدیر تولید + مدیر فناوری,P5/ADR-011/R15,فهرست تصمیم‌های پشتیبانی‌شده,هفته ۸
Q13,معماری و فناوری,مهم,اتصال مستقیم به سامانه‌های دولتی/بانکی/گمرکی در فاز ۴ است یا بعد؟,زمان‌بندی و ریسک مقرراتی و الزامات امنیتی,در فاز ۴ با آداپتور و لایهٔ واسط,مدیر مالی + مدیر بازرگانی,P4/R10,فهرست سامانه‌ها + الزامات هر کدام,هفته ۶
Q14,معماری و فناوری,مهم,سیاست دقیق نگه‌داری داده چیست؟ (چند سال برای هر کلاس),طراحی انبار WORM و هزینهٔ ذخیره‌سازی,عملیاتی ۷ سال؛ مالی ۱۰ سال؛ ویدئو ۳۰ روز؛ رخدادها طبق کاتالوگ,افسر امنیت + مدیر حقوقی,P1/ADR-005,جدول کلاس داده × مدت نگه‌داری,هفته ۴
Q15,معماری و فناوری,مهم,آیا چندسایتی (Multi-site) در افق ۵ ساله مطرح است؟,طراحی مقیاس‌پذیر از ابتدا بدون هزینهٔ اضافی,در طراحی لحاظ می‌شود اما مستقر نمی‌شود,مدیرعامل,P1/ADR-001/ADR-002,بله/خیر + افق زمانی,هفته ۴
Q16,فرآیند و سازمان,بلوکه‌کننده,آیا مدیریت «قفل‌های سیستمیِ سخت» را می‌پذیرد؟ (مثلاً جلوگیری از ارسال بدون تأیید),بدون آن بخش بزرگی از ارزش پروژه از دست می‌رود,فرض بر پذیرش؛ نیازمند تأیید صریح مدیرعامل,مدیرعامل,P2 تا P4/ADR-004,تأیید کتبی + تعریفِ مسیرِ عبور اضطراری,هفته ۱
Q17,فرآیند و سازمان,بلوکه‌کننده,مالکان دادهٔ پایه چه کسانی‌اند و چه مقدار وقت دارند؟,مهم‌ترین عامل موفقیت پروژه (R01),۲۰٪ وقتِ یک نفر در هر واحد,مدیرعامل + مدیران واحدها,P0/R01,فهرست نام × واحد × درصد تخصیص,هفته ۱
Q18,فرآیند و سازمان,مهم,آیا اتحادیه/شورای کارگری در جریان تغییر قرار گرفته است؟,ریسک مقاومت سازمانی (R04),توصیه به اطلاع‌رسانی زودهنگام,مدیر منابع انسانی,P0/P3/R04,بله/خیر + برنامهٔ اطلاع‌رسانی,هفته ۲
Q19,فرآیند و سازمان,مهم,شاخص‌های ارزیابی عملکرد مدیران چگونه با شاخص‌های جدید هم‌راستا می‌شود؟,رفتارِ واقعی تابع سنجه‌هاست نه ابلاغیه‌ها,بازنگری در فاز ۴,مدیرعامل + مدیر منابع انسانی,P4/R19,فهرست شاخص‌های مدیریتیِ متأثر,هفته ۸
Q20,فرآیند و سازمان,مهم,خط پایلوت فاز ۲ کدام است؟,محل اثبات ارزش و کسب اعتماد سازمان,پیشنهاد: خط با بیشترین تناژ × توقف × ریسک کیفیت,مدیر تولید,P2/R14,نام خط + دلیل انتخاب,هفته ۴
Q21,فرآیند و سازمان,مهم,سیاست «داده علیه افراد استفاده نمی‌شود» رسماً ابلاغ می‌شود؟,شرطِ صداقتِ ثبت توقف‌ها و خطاها,توصیه به ابلاغ رسمی,مدیرعامل + مدیر منابع انسانی,P2/R04/R20,متن ابلاغیه + تاریخ,هفته ۲
Q22,فرآیند و سازمان,قابل تأخیر,تکلیف قراردادها و نیروهای پیمانکاری در سیستم جدید چیست؟,یکپارچگی منابع انسانی و حراست و کنترل دسترسی,تعریف در فاز ۳,مدیر منابع انسانی + مدیر حراست,P3/ADR-007,سیاست دسترسی و آموزش پیمانکاران,هفته ۱۲
Q23,جزئیات فنی,مهم,کدام خطوط نیازمند SIL 2 یا 3 هستند و آیا HAZOP/LOPA انجام شده؟,تعیین معماری SIS و جداسازی از BPCS,فرض SIL-2 عمومی؛ SIL-3 برای اطفای گازی,مدیر HSE + مدیر نگهداشت,P2/ADR-014/R02,ماتریس خطر + سطح SIL هر حلقه,هفته ۴
Q24,جزئیات فنی,مهم,آیا زیرساخت کالیبراسیون و آزمایشگاه فعلی قابل اتصال به LIMS است؟,حذف ثبت دستی نتایج آزمون و خطای رونویسی,فرض: بله با کارِ یکپارچه‌سازی,مدیر کیفیت,P3/R05,فهرست دستگاه‌ها + پروتکل خروجی,هفته ۶
Q25,جزئیات فنی,مهم,وضعیت فعلی پوشش بی‌سیم و نیاز به Site Survey چیست؟,طراحی شبکهٔ بی‌سیم صنعتی و مکان‌گذاری تجهیزات سیار,فرض: نیاز به طراحی جدید,مدیر فناوری,P1/ADR-002,گزارش Site Survey,هفته ۳
Q26,جزئیات فنی,مهم,آیا کدگذاری فعلی کالا و دارایی قابل نگه‌داری است یا باید بازطراحی شود؟,تأثیر مستقیم بر مهاجرت داده و شجره‌نامه,فرض: بازطراحی با نگاشت به کدهای قدیم,مالکان داده,P0/ADR-013,تصمیم + جدول نگاشت,هفته ۲
Q27,جزئیات فنی,قابل تأخیر,نیاز به GS1/EPCIS کامل است یا فقط بارکد داخلی؟,تعیین استاندارد شناسه و قابلیت ردیابی صادراتی,GS1 برای محصول صادراتی؛ بارکد داخلی برای بقیه,مدیر بازرگانی + مدیر کیفیت,P3/ADR-013,تصمیم به‌تفکیک گروه کالا,هفته ۱۲
Q28,جزئیات فنی,قابل تأخیر,پایش انرژی در سطح دستگاه (Sub-metering) است یا در سطح خط؟,دقتِ محاسبهٔ بهای تمام‌شده و شناسایی هدررفت,پیشنهاد: سطح خط + نقاط پرمصرف,مدیر تأسیسات,P5/R11,سطح اندازه‌گیری + تعداد نقاط,هفته ۱۶
Q29,جزئیات فنی,قابل تأخیر,زبان دوم سیستم و الزامات برچسب‌گذاری صادراتی چیست؟,طراحی رابط چندزبانه و قالب‌های چاپ,انگلیسی برای اسناد؛ عربی اختیاری,مدیر بازرگانی خارجی,P3/ADR-007,فهرست زبان‌ها + قالب برچسب,هفته ۱۲
Q30,جزئیات فنی,قابل تأخیر,سیاست نسخه‌بندی و پشتیبانی firmware تجهیزات OT چیست؟,پایداری بلندمدت و مدیریت آسیب‌پذیری,تعریف در قراردادهای تأمین,مدیر نگهداشت + مدیر فناوری,P2/ADR-008,سیاست + فهرست تجهیزاتِ تحت پوشش,هفته ۱۶
