zone,purdue,name,main_assets,sl_target,rationale,key_controls
Z-L0,سطح ۰,فرآیند فیزیکی,سنسورها · عملگرها · دتکتور گاز · اینورترها · باسکول · ترازوها,SL-1,"دسترسی فیزیکی مستلزم دستکاریِ فیزیکی است؛ کنترلِ اصلی، حفاظتِ فیزیکی است","قفل و برچسب · بازرسی دوره‌ای · کالیبراسیون مستند · جداسازی گالوانیک"
Z-L1,سطح ۱,کنترل پایه,PLC · RTU · SIS · حلقه‌های کنترل · اینترلاک‌ها,SL-3,"خرابیِ این لایه مستقیماً فرآیند را متوقف یا ناامن می‌کند","تغییر منطق فقط با مجوز کتبی · نسخهٔ پشتیبانِ «طلایی» · غیرفعال‌بودن پورت‌های بلااستفاده · جداسازی SIS از BPCS (ADR-014)"
Z-L2,سطح ۲,کنترل نظارتی,SCADA · HMI · Historian · ایستگاه مهندسی (EWS) · OPC UA Server,SL-3,"نقطهٔ تمرکز حمله در اکثر رخدادهای واقعی OT","تفکیک VLAN · فایروال صنعتی · MFA برای EWS · ضبط جلسه · آنتی‌ویروسِ whitelist · مدیریت پچِ کنترل‌شده"
Z-L3,سطح ۳,عملیات سایت,MES · LIMS · WMS · CMMS · PdM · پایگاه‌های دادهٔ عملیاتی,SL-2,"دادهٔ حساس تجاری و عملیاتی؛ بدون ارتباط مستقیم با فرآیند","احراز یکپارچه (SSO/MFA) · RBAC+ABAC · تفکیک شبکه از L2 · Audit Trail تغییرناپذیر (ADR-005)"
Z-IDMZ,منطقهٔ خنثی,منطقهٔ غیرنظامی صنعتی (IDMZ),سرور آینهٔ Historian · بروکر MQTT · OPC UA Proxy · پورتال تبادل فایل · سرور پچ · Jump Host,SL-3,"تنها مسیرِ مجازِ عبور بین OT و IT؛ محلِ اعمالِ کنترل و پایش","هیچ ترافیکی مستقیماً عبور نمی‌کند · پایان‌دادن به نشست در IDMZ · بازرسی عمیق بسته · ورود به سیاهه"
Z-L4,سطح ۴,شبکهٔ سازمانی و تجاری,ERP · BI · ایمیل · HR · اینترنت · پایگاه‌های مالی و بازرگانی,SL-2,"ریسکِ بالای ورودی از اینترنت و ایمیل; اما بدون اثر مستقیم بر فرآیند","EDR/XDR · فیلترینگ وب · مدیریت وصله · جداسازی از OT · آموزش آگاهی امنیتی"
Z-SEC,سطح ۳,امنیت فیزیکی,دوربین‌ها · کنترل تردد · ANPR · گیت‌ها · دتکتور فلز,SL-2,"شبکهٔ دوربین‌ها مسیرِ نفوذِ شناخته‌شده‌ای به OT است","شبکهٔ مجزا · تغییر رمزهای پیش‌فرض · تفکیک ویدئو از دادهٔ تردد · نگه‌داری کوتاه‌مدت (۳۰ روز)"
Z-REM,—,دسترسی از راه دور,پیمانکاران · تأمین‌کنندگان · پشتیبانی نرم‌افزار,SL-3,"پرخطرترین مسیر در عمل؛ هیچ دسترسیِ مستقیمی مجاز نیست","فقط از طریق Jump Host در IDMZ · MFA · درخواستِ زمان‌دار · ضبط کامل جلسه · تأیید دو نفره"
Z-CLD,سطح ۴,خدمات ابری و خارجی (مشروط),BI ابری · پورتال مشتری · خدمات پشتیبان (مشروط به ADR-012),SL-2,"تنها در صورت پذیرش میزبانی ترکیبی (پاسخ به Q10)","رمزنگاری در حال انتقال و سکون · عدم انتقال دادهٔ شخصی · کلید در اختیار کارخانه · حق ممیزی"
