activity_id,activity,actor,value
۱,تصویب برنامهٔ تولید ماهانه,CEO,I
۱,تصویب برنامهٔ تولید ماهانه,PM,A
۱,تصویب برنامهٔ تولید ماهانه,PRDM,R
۱,تصویب برنامهٔ تولید ماهانه,SHF,C
۱,تصویب برنامهٔ تولید ماهانه,QAM,C
۱,تصویب برنامهٔ تولید ماهانه,MTM,C
۱,تصویب برنامهٔ تولید ماهانه,HSEM,I
۱,تصویب برنامهٔ تولید ماهانه,SECM,—
۱,تصویب برنامهٔ تولید ماهانه,SCM,C
۱,تصویب برنامهٔ تولید ماهانه,CFO,I
۱,تصویب برنامهٔ تولید ماهانه,HRM,I
۱,تصویب برنامهٔ تولید ماهانه,ITM,—
۲,صدور و آزادسازی دستور کار,CEO,—
۲,صدور و آزادسازی دستور کار,PM,I
۲,صدور و آزادسازی دستور کار,PRDM,A
۲,صدور و آزادسازی دستور کار,SHF,R
۲,صدور و آزادسازی دستور کار,QAM,C
۲,صدور و آزادسازی دستور کار,MTM,I
۲,صدور و آزادسازی دستور کار,HSEM,—
۲,صدور و آزادسازی دستور کار,SECM,—
۲,صدور و آزادسازی دستور کار,SCM,—
۲,صدور و آزادسازی دستور کار,CFO,—
۲,صدور و آزادسازی دستور کار,HRM,I
۲,صدور و آزادسازی دستور کار,ITM,—
۳,تغییر Recipe/BOM (MOC),CEO,—
۳,تغییر Recipe/BOM (MOC),PM,I
۳,تغییر Recipe/BOM (MOC),PRDM,A
۳,تغییر Recipe/BOM (MOC),SHF,C
۳,تغییر Recipe/BOM (MOC),QAM,R
۳,تغییر Recipe/BOM (MOC),MTM,—
۳,تغییر Recipe/BOM (MOC),HSEM,—
۳,تغییر Recipe/BOM (MOC),SECM,—
۳,تغییر Recipe/BOM (MOC),SCM,—
۳,تغییر Recipe/BOM (MOC),CFO,—
۳,تغییر Recipe/BOM (MOC),HRM,—
۳,تغییر Recipe/BOM (MOC),ITM,I
۴,ترخیص یا رد بچ محصول,CEO,—
۴,ترخیص یا رد بچ محصول,PM,I
۴,ترخیص یا رد بچ محصول,PRDM,C
۴,ترخیص یا رد بچ محصول,SHF,I
۴,ترخیص یا رد بچ محصول,QAM,**A/R**
۴,ترخیص یا رد بچ محصول,MTM,—
۴,ترخیص یا رد بچ محصول,HSEM,—
۴,ترخیص یا رد بچ محصول,SECM,—
۴,ترخیص یا رد بچ محصول,SCM,I
۴,ترخیص یا رد بچ محصول,CFO,—
۴,ترخیص یا رد بچ محصول,HRM,—
۴,ترخیص یا رد بچ محصول,ITM,—
۵,قرنطینهٔ مواد اولیه,CEO,—
۵,قرنطینهٔ مواد اولیه,PM,I
۵,قرنطینهٔ مواد اولیه,PRDM,C
۵,قرنطینهٔ مواد اولیه,SHF,—
۵,قرنطینهٔ مواد اولیه,QAM,**A/R**
۵,قرنطینهٔ مواد اولیه,MTM,—
۵,قرنطینهٔ مواد اولیه,HSEM,—
۵,قرنطینهٔ مواد اولیه,SECM,—
۵,قرنطینهٔ مواد اولیه,SCM,I
۵,قرنطینهٔ مواد اولیه,CFO,—
۵,قرنطینهٔ مواد اولیه,HRM,—
۵,قرنطینهٔ مواد اولیه,ITM,—
۶,ثبت و ریشه‌یابی NCR/CAPA,CEO,—
۶,ثبت و ریشه‌یابی NCR/CAPA,PM,I
۶,ثبت و ریشه‌یابی NCR/CAPA,PRDM,C
۶,ثبت و ریشه‌یابی NCR/CAPA,SHF,C
۶,ثبت و ریشه‌یابی NCR/CAPA,QAM,**A/R**
۶,ثبت و ریشه‌یابی NCR/CAPA,MTM,C
۶,ثبت و ریشه‌یابی NCR/CAPA,HSEM,—
۶,ثبت و ریشه‌یابی NCR/CAPA,SECM,—
۶,ثبت و ریشه‌یابی NCR/CAPA,SCM,—
۶,ثبت و ریشه‌یابی NCR/CAPA,CFO,—
۶,ثبت و ریشه‌یابی NCR/CAPA,HRM,—
۶,ثبت و ریشه‌یابی NCR/CAPA,ITM,—
۷,صدور مجوز کار (PTW),CEO,—
۷,صدور مجوز کار (PTW),PM,I
۷,صدور مجوز کار (PTW),PRDM,C
۷,صدور مجوز کار (PTW),SHF,C
۷,صدور مجوز کار (PTW),QAM,—
۷,صدور مجوز کار (PTW),MTM,C
۷,صدور مجوز کار (PTW),HSEM,**A/R**
۷,صدور مجوز کار (PTW),SECM,I
۷,صدور مجوز کار (PTW),SCM,—
۷,صدور مجوز کار (PTW),CFO,—
۷,صدور مجوز کار (PTW),HRM,—
۷,صدور مجوز کار (PTW),ITM,—
۸,اجرای LOTO و ایزولاسیون,CEO,—
۸,اجرای LOTO و ایزولاسیون,PM,—
۸,اجرای LOTO و ایزولاسیون,PRDM,C
۸,اجرای LOTO و ایزولاسیون,SHF,R
۸,اجرای LOTO و ایزولاسیون,QAM,—
۸,اجرای LOTO و ایزولاسیون,MTM,**A**
۸,اجرای LOTO و ایزولاسیون,HSEM,C
۸,اجرای LOTO و ایزولاسیون,SECM,—
۸,اجرای LOTO و ایزولاسیون,SCM,—
۸,اجرای LOTO و ایزولاسیون,CFO,—
۸,اجرای LOTO و ایزولاسیون,HRM,—
۸,اجرای LOTO و ایزولاسیون,ITM,—
۹,توقف ایمن تولید در منطقه,CEO,—
۹,توقف ایمن تولید در منطقه,PM,I
۹,توقف ایمن تولید در منطقه,PRDM,R
۹,توقف ایمن تولید در منطقه,SHF,R
۹,توقف ایمن تولید در منطقه,QAM,—
۹,توقف ایمن تولید در منطقه,MTM,I
۹,توقف ایمن تولید در منطقه,HSEM,**A**
۹,توقف ایمن تولید در منطقه,SECM,I
۹,توقف ایمن تولید در منطقه,SCM,—
۹,توقف ایمن تولید در منطقه,CFO,—
۹,توقف ایمن تولید در منطقه,HRM,—
۹,توقف ایمن تولید در منطقه,ITM,—
۱۰,تأیید خروج کالا (دروازه),CEO,—
۱۰,تأیید خروج کالا (دروازه),PM,I
۱۰,تأیید خروج کالا (دروازه),PRDM,—
۱۰,تأیید خروج کالا (دروازه),SHF,—
۱۰,تأیید خروج کالا (دروازه),QAM,I
۱۰,تأیید خروج کالا (دروازه),MTM,—
۱۰,تأیید خروج کالا (دروازه),HSEM,I
۱۰,تأیید خروج کالا (دروازه),SECM,**A/R**
۱۰,تأیید خروج کالا (دروازه),SCM,I
۱۰,تأیید خروج کالا (دروازه),CFO,—
۱۰,تأیید خروج کالا (دروازه),HRM,—
۱۰,تأیید خروج کالا (دروازه),ITM,—
۱۱,تأیید سفارش خارج از سقف اعتبار,CEO,I
۱۱,تأیید سفارش خارج از سقف اعتبار,PM,—
۱۱,تأیید سفارش خارج از سقف اعتبار,PRDM,—
۱۱,تأیید سفارش خارج از سقف اعتبار,SHF,—
۱۱,تأیید سفارش خارج از سقف اعتبار,QAM,—
۱۱,تأیید سفارش خارج از سقف اعتبار,MTM,—
۱۱,تأیید سفارش خارج از سقف اعتبار,HSEM,—
۱۱,تأیید سفارش خارج از سقف اعتبار,SECM,—
۱۱,تأیید سفارش خارج از سقف اعتبار,SCM,C
۱۱,تأیید سفارش خارج از سقف اعتبار,CFO,**A/R**
۱۱,تأیید سفارش خارج از سقف اعتبار,HRM,—
۱۱,تأیید سفارش خارج از سقف اعتبار,ITM,—
۱۲,تأیید تخفیف استثنایی,CEO,I
۱۲,تأیید تخفیف استثنایی,PM,—
۱۲,تأیید تخفیف استثنایی,PRDM,—
۱۲,تأیید تخفیف استثنایی,SHF,—
۱۲,تأیید تخفیف استثنایی,QAM,—
۱۲,تأیید تخفیف استثنایی,MTM,—
۱۲,تأیید تخفیف استثنایی,HSEM,—
۱۲,تأیید تخفیف استثنایی,SECM,—
۱۲,تأیید تخفیف استثنایی,SCM,**A/R**
۱۲,تأیید تخفیف استثنایی,CFO,C
۱۲,تأیید تخفیف استثنایی,HRM,—
۱۲,تأیید تخفیف استثنایی,ITM,—
۱۳,تأیید خرید خارج از بودجه,CEO,A
۱۳,تأیید خرید خارج از بودجه,PM,C
۱۳,تأیید خرید خارج از بودجه,PRDM,C
۱۳,تأیید خرید خارج از بودجه,SHF,—
۱۳,تأیید خرید خارج از بودجه,QAM,—
۱۳,تأیید خرید خارج از بودجه,MTM,C
۱۳,تأیید خرید خارج از بودجه,HSEM,—
۱۳,تأیید خرید خارج از بودجه,SECM,—
۱۳,تأیید خرید خارج از بودجه,SCM,C
۱۳,تأیید خرید خارج از بودجه,CFO,**R**
۱۳,تأیید خرید خارج از بودجه,HRM,—
۱۳,تأیید خرید خارج از بودجه,ITM,—
۱۴,تعریف/تغییر دادهٔ پایه (MDM),CEO,—
۱۴,تعریف/تغییر دادهٔ پایه (MDM),PM,I
۱۴,تعریف/تغییر دادهٔ پایه (MDM),PRDM,C
۱۴,تعریف/تغییر دادهٔ پایه (MDM),SHF,—
۱۴,تعریف/تغییر دادهٔ پایه (MDM),QAM,C
۱۴,تعریف/تغییر دادهٔ پایه (MDM),MTM,C
۱۴,تعریف/تغییر دادهٔ پایه (MDM),HSEM,C
۱۴,تعریف/تغییر دادهٔ پایه (MDM),SECM,C
۱۴,تعریف/تغییر دادهٔ پایه (MDM),SCM,C
۱۴,تعریف/تغییر دادهٔ پایه (MDM),CFO,C
۱۴,تعریف/تغییر دادهٔ پایه (MDM),HRM,C
۱۴,تعریف/تغییر دادهٔ پایه (MDM),ITM,**R** (مالکِ داده A)
۱۵,مدیریت توقف برنامه‌ریزی‌شدهٔ خط,CEO,—
۱۵,مدیریت توقف برنامه‌ریزی‌شدهٔ خط,PM,A
۱۵,مدیریت توقف برنامه‌ریزی‌شدهٔ خط,PRDM,R
۱۵,مدیریت توقف برنامه‌ریزی‌شدهٔ خط,SHF,C
۱۵,مدیریت توقف برنامه‌ریزی‌شدهٔ خط,QAM,—
۱۵,مدیریت توقف برنامه‌ریزی‌شدهٔ خط,MTM,**R**
۱۵,مدیریت توقف برنامه‌ریزی‌شدهٔ خط,HSEM,C
۱۵,مدیریت توقف برنامه‌ریزی‌شدهٔ خط,SECM,—
۱۵,مدیریت توقف برنامه‌ریزی‌شدهٔ خط,SCM,—
۱۵,مدیریت توقف برنامه‌ریزی‌شدهٔ خط,CFO,—
۱۵,مدیریت توقف برنامه‌ریزی‌شدهٔ خط,HRM,—
۱۵,مدیریت توقف برنامه‌ریزی‌شدهٔ خط,ITM,—
۱۶,تخصیص اپراتور به ایستگاه,CEO,—
۱۶,تخصیص اپراتور به ایستگاه,PM,—
۱۶,تخصیص اپراتور به ایستگاه,PRDM,A
۱۶,تخصیص اپراتور به ایستگاه,SHF,**R**
۱۶,تخصیص اپراتور به ایستگاه,QAM,—
۱۶,تخصیص اپراتور به ایستگاه,MTM,—
۱۶,تخصیص اپراتور به ایستگاه,HSEM,C
۱۶,تخصیص اپراتور به ایستگاه,SECM,—
۱۶,تخصیص اپراتور به ایستگاه,SCM,—
۱۶,تخصیص اپراتور به ایستگاه,CFO,—
۱۶,تخصیص اپراتور به ایستگاه,HRM,C
۱۶,تخصیص اپراتور به ایستگاه,ITM,—
۱۷,تأیید کارکرد و اضافه‌کاری,CEO,—
۱۷,تأیید کارکرد و اضافه‌کاری,PM,—
۱۷,تأیید کارکرد و اضافه‌کاری,PRDM,C
۱۷,تأیید کارکرد و اضافه‌کاری,SHF,**R**
۱۷,تأیید کارکرد و اضافه‌کاری,QAM,—
۱۷,تأیید کارکرد و اضافه‌کاری,MTM,C
۱۷,تأیید کارکرد و اضافه‌کاری,HSEM,—
۱۷,تأیید کارکرد و اضافه‌کاری,SECM,I
۱۷,تأیید کارکرد و اضافه‌کاری,SCM,—
۱۷,تأیید کارکرد و اضافه‌کاری,CFO,—
۱۷,تأیید کارکرد و اضافه‌کاری,HRM,**A**
۱۷,تأیید کارکرد و اضافه‌کاری,ITM,—
۱۸,بررسی و بستن حادثهٔ شغلی,CEO,I
۱۸,بررسی و بستن حادثهٔ شغلی,PM,I
۱۸,بررسی و بستن حادثهٔ شغلی,PRDM,C
۱۸,بررسی و بستن حادثهٔ شغلی,SHF,C
۱۸,بررسی و بستن حادثهٔ شغلی,QAM,—
۱۸,بررسی و بستن حادثهٔ شغلی,MTM,C
۱۸,بررسی و بستن حادثهٔ شغلی,HSEM,**A/R**
۱۸,بررسی و بستن حادثهٔ شغلی,SECM,I
۱۸,بررسی و بستن حادثهٔ شغلی,SCM,—
۱۸,بررسی و بستن حادثهٔ شغلی,CFO,—
۱۸,بررسی و بستن حادثهٔ شغلی,HRM,C
۱۸,بررسی و بستن حادثهٔ شغلی,ITM,—
۱۹,اعلام وضعیت اضطراری/تخلیه,CEO,I
۱۹,اعلام وضعیت اضطراری/تخلیه,PM,I
۱۹,اعلام وضعیت اضطراری/تخلیه,PRDM,C
۱۹,اعلام وضعیت اضطراری/تخلیه,SHF,R
۱۹,اعلام وضعیت اضطراری/تخلیه,QAM,—
۱۹,اعلام وضعیت اضطراری/تخلیه,MTM,C
۱۹,اعلام وضعیت اضطراری/تخلیه,HSEM,**A/R**
۱۹,اعلام وضعیت اضطراری/تخلیه,SECM,R
۱۹,اعلام وضعیت اضطراری/تخلیه,SCM,—
۱۹,اعلام وضعیت اضطراری/تخلیه,CFO,—
۱۹,اعلام وضعیت اضطراری/تخلیه,HRM,—
۱۹,اعلام وضعیت اضطراری/تخلیه,ITM,—
۲۰,اعطای دسترسی به سامانه‌ها,CEO,—
۲۰,اعطای دسترسی به سامانه‌ها,PM,I
۲۰,اعطای دسترسی به سامانه‌ها,PRDM,C
۲۰,اعطای دسترسی به سامانه‌ها,SHF,—
۲۰,اعطای دسترسی به سامانه‌ها,QAM,C
۲۰,اعطای دسترسی به سامانه‌ها,MTM,C
۲۰,اعطای دسترسی به سامانه‌ها,HSEM,C
۲۰,اعطای دسترسی به سامانه‌ها,SECM,C
۲۰,اعطای دسترسی به سامانه‌ها,SCM,C
۲۰,اعطای دسترسی به سامانه‌ها,CFO,C
۲۰,اعطای دسترسی به سامانه‌ها,HRM,C
۲۰,اعطای دسترسی به سامانه‌ها,ITM,**A/R**
۲۱,پذیرش تغییر معماری (انحراف از ADR),CEO,I
۲۱,پذیرش تغییر معماری (انحراف از ADR),PM,C
۲۱,پذیرش تغییر معماری (انحراف از ADR),PRDM,C
۲۱,پذیرش تغییر معماری (انحراف از ADR),SHF,—
۲۱,پذیرش تغییر معماری (انحراف از ADR),QAM,—
۲۱,پذیرش تغییر معماری (انحراف از ADR),MTM,—
۲۱,پذیرش تغییر معماری (انحراف از ADR),HSEM,—
۲۱,پذیرش تغییر معماری (انحراف از ADR),SECM,—
۲۱,پذیرش تغییر معماری (انحراف از ADR),SCM,—
۲۱,پذیرش تغییر معماری (انحراف از ADR),CFO,—
۲۱,پذیرش تغییر معماری (انحراف از ADR),HRM,—
۲۱,پذیرش تغییر معماری (انحراف از ADR),ITM,**A/R**
۲۲,تأیید اتصال جدید به شبکهٔ OT,CEO,—
۲۲,تأیید اتصال جدید به شبکهٔ OT,PM,I
۲۲,تأیید اتصال جدید به شبکهٔ OT,PRDM,—
۲۲,تأیید اتصال جدید به شبکهٔ OT,SHF,—
۲۲,تأیید اتصال جدید به شبکهٔ OT,QAM,—
۲۲,تأیید اتصال جدید به شبکهٔ OT,MTM,—
۲۲,تأیید اتصال جدید به شبکهٔ OT,HSEM,—
۲۲,تأیید اتصال جدید به شبکهٔ OT,SECM,—
۲۲,تأیید اتصال جدید به شبکهٔ OT,SCM,—
۲۲,تأیید اتصال جدید به شبکهٔ OT,CFO,—
۲۲,تأیید اتصال جدید به شبکهٔ OT,HRM,—
۲۲,تأیید اتصال جدید به شبکهٔ OT,ITM,**A/R** (با وتوی OT Sec)
۲۳,بستن دورهٔ مالی,CEO,I
۲۳,بستن دورهٔ مالی,PM,I
۲۳,بستن دورهٔ مالی,PRDM,I
۲۳,بستن دورهٔ مالی,SHF,—
۲۳,بستن دورهٔ مالی,QAM,—
۲۳,بستن دورهٔ مالی,MTM,—
۲۳,بستن دورهٔ مالی,HSEM,—
۲۳,بستن دورهٔ مالی,SECM,—
۲۳,بستن دورهٔ مالی,SCM,I
۲۳,بستن دورهٔ مالی,CFO,**A/R**
۲۳,بستن دورهٔ مالی,HRM,I
۲۳,بستن دورهٔ مالی,ITM,—
۲۴,مانور فراخوان محصول (Recall),CEO,A
۲۴,مانور فراخوان محصول (Recall),PM,R
۲۴,مانور فراخوان محصول (Recall),PRDM,R
۲۴,مانور فراخوان محصول (Recall),SHF,I
۲۴,مانور فراخوان محصول (Recall),QAM,**R**
۲۴,مانور فراخوان محصول (Recall),MTM,—
۲۴,مانور فراخوان محصول (Recall),HSEM,I
۲۴,مانور فراخوان محصول (Recall),SECM,—
۲۴,مانور فراخوان محصول (Recall),SCM,R
۲۴,مانور فراخوان محصول (Recall),CFO,I
۲۴,مانور فراخوان محصول (Recall),HRM,—
۲۴,مانور فراخوان محصول (Recall),ITM,I
۲۵,انتخاب/تأیید تأمین‌کنندهٔ جدید,CEO,—
۲۵,انتخاب/تأیید تأمین‌کنندهٔ جدید,PM,I
۲۵,انتخاب/تأیید تأمین‌کنندهٔ جدید,PRDM,C
۲۵,انتخاب/تأیید تأمین‌کنندهٔ جدید,SHF,—
۲۵,انتخاب/تأیید تأمین‌کنندهٔ جدید,QAM,**C**
۲۵,انتخاب/تأیید تأمین‌کنندهٔ جدید,MTM,C
۲۵,انتخاب/تأیید تأمین‌کنندهٔ جدید,HSEM,C
۲۵,انتخاب/تأیید تأمین‌کنندهٔ جدید,SECM,—
۲۵,انتخاب/تأیید تأمین‌کنندهٔ جدید,SCM,**A/R**
۲۵,انتخاب/تأیید تأمین‌کنندهٔ جدید,CFO,I
۲۵,انتخاب/تأیید تأمین‌کنندهٔ جدید,HRM,—
۲۵,انتخاب/تأیید تأمین‌کنندهٔ جدید,ITM,—
