role,module,access
R01 اپراتور خط,تولید/MES,CR(محدود)
R01 اپراتور خط,کیفیت/LIMS,R
R01 اپراتور خط,انبار/WMS,R
R01 اپراتور خط,نت/CMMS,C(درخواست)
R01 اپراتور خط,HSE,C(رخداد)
R01 اپراتور خط,حراست,—
R01 اپراتور خط,مالی,—
R01 اپراتور خط,HR,R(خود)
R01 اپراتور خط,فروش,—
R01 اپراتور خط,داده پایه (MDM),R
R01 اپراتور خط,زیرساخت/OT,—
R02 سرپرست شیفت,تولید/MES,CRU+A
R02 سرپرست شیفت,کیفیت/LIMS,R+A
R02 سرپرست شیفت,انبار/WMS,R
R02 سرپرست شیفت,نت/CMMS,CR
R02 سرپرست شیفت,HSE,CR
R02 سرپرست شیفت,حراست,R
R02 سرپرست شیفت,مالی,—
R02 سرپرست شیفت,HR,R(تیم)
R02 سرپرست شیفت,فروش,—
R02 سرپرست شیفت,داده پایه (MDM),R
R02 سرپرست شیفت,زیرساخت/OT,—
R03 تکنسین QC,تولید/MES,R
R03 تکنسین QC,کیفیت/LIMS,CRUD
R03 تکنسین QC,انبار/WMS,R
R03 تکنسین QC,نت/CMMS,—
R03 تکنسین QC,HSE,R
R03 تکنسین QC,حراست,—
R03 تکنسین QC,مالی,—
R03 تکنسین QC,HR,R(خود)
R03 تکنسین QC,فروش,—
R03 تکنسین QC,داده پایه (MDM),R
R03 تکنسین QC,زیرساخت/OT,—
R04 مدیر QC,تولید/MES,R+A
R04 مدیر QC,کیفیت/LIMS,CRUD+A
R04 مدیر QC,انبار/WMS,R+A
R04 مدیر QC,نت/CMMS,R
R04 مدیر QC,HSE,C
R04 مدیر QC,حراست,—
R04 مدیر QC,مالی,—
R04 مدیر QC,HR,R
R04 مدیر QC,فروش,R
R04 مدیر QC,داده پایه (MDM),C(مشخصات)
R04 مدیر QC,زیرساخت/OT,—
R05 انباردار,تولید/MES,R
R05 انباردار,کیفیت/LIMS,R
R05 انباردار,انبار/WMS,CRUD
R05 انباردار,نت/CMMS,R
R05 انباردار,HSE,R
R05 انباردار,حراست,—
R05 انباردار,مالی,—
R05 انباردار,HR,R(خود)
R05 انباردار,فروش,—
R05 انباردار,داده پایه (MDM),R
R05 انباردار,زیرساخت/OT,—
R06 سرپرست انبار,تولید/MES,R
R06 سرپرست انبار,کیفیت/LIMS,R
R06 سرپرست انبار,انبار/WMS,CRUD+A
R06 سرپرست انبار,نت/CMMS,R
R06 سرپرست انبار,HSE,R
R06 سرپرست انبار,حراست,R
R06 سرپرست انبار,مالی,—
R06 سرپرست انبار,HR,R(تیم)
R06 سرپرست انبار,فروش,R
R06 سرپرست انبار,داده پایه (MDM),C(محل‌ها)
R06 سرپرست انبار,زیرساخت/OT,—
R07 تکنسین نت,تولید/MES,R
R07 تکنسین نت,کیفیت/LIMS,—
R07 تکنسین نت,انبار/WMS,R(قطعه)
R07 تکنسین نت,نت/CMMS,CRU
R07 تکنسین نت,HSE,CR
R07 تکنسین نت,حراست,—
R07 تکنسین نت,مالی,—
R07 تکنسین نت,HR,R(خود)
R07 تکنسین نت,فروش,—
R07 تکنسین نت,داده پایه (MDM),R(دارایی)
R07 تکنسین نت,زیرساخت/OT,R
R08 سرپرست نت,تولید/MES,R
R08 سرپرست نت,کیفیت/LIMS,—
R08 سرپرست نت,انبار/WMS,R+A
R08 سرپرست نت,نت/CMMS,CRUD+A
R08 سرپرست نت,HSE,CR
R08 سرپرست نت,حراست,—
R08 سرپرست نت,مالی,R(هزینه)
R08 سرپرست نت,HR,R(تیم)
R08 سرپرست نت,فروش,—
R08 سرپرست نت,داده پایه (MDM),C(دارایی)
R08 سرپرست نت,زیرساخت/OT,R
R09 مدیر HSE,تولید/MES,R
R09 مدیر HSE,کیفیت/LIMS,R
R09 مدیر HSE,انبار/WMS,R
R09 مدیر HSE,نت/CMMS,R+A
R09 مدیر HSE,HSE,CRUD+A
R09 مدیر HSE,حراست,R
R09 مدیر HSE,مالی,R(هزینه)
R09 مدیر HSE,HR,R
R09 مدیر HSE,فروش,—
R09 مدیر HSE,داده پایه (MDM),C(HSE)
R09 مدیر HSE,زیرساخت/OT,—
R10 مسئول حراست,تولید/MES,R
R10 مسئول حراست,کیفیت/LIMS,R
R10 مسئول حراست,انبار/WMS,R+A
R10 مسئول حراست,نت/CMMS,C
R10 مسئول حراست,HSE,R
R10 مسئول حراست,حراست,CRUD+A
R10 مسئول حراست,مالی,—
R10 مسئول حراست,HR,R
R10 مسئول حراست,فروش,R
R10 مسئول حراست,داده پایه (MDM),R
R10 مسئول حراست,زیرساخت/OT,—
R11 برنامه‌ریز تولید,تولید/MES,CRUD
R11 برنامه‌ریز تولید,کیفیت/LIMS,R
R11 برنامه‌ریز تولید,انبار/WMS,R
R11 برنامه‌ریز تولید,نت/CMMS,R
R11 برنامه‌ریز تولید,HSE,R
R11 برنامه‌ریز تولید,حراست,—
R11 برنامه‌ریز تولید,مالی,—
R11 برنامه‌ریز تولید,HR,R
R11 برنامه‌ریز تولید,فروش,R
R11 برنامه‌ریز تولید,داده پایه (MDM),R
R11 برنامه‌ریز تولید,زیرساخت/OT,—
R12 مدیر تولید,تولید/MES,CRUD+A
R12 مدیر تولید,کیفیت/LIMS,R+A
R12 مدیر تولید,انبار/WMS,R
R12 مدیر تولید,نت/CMMS,R+A
R12 مدیر تولید,HSE,R
R12 مدیر تولید,حراست,R
R12 مدیر تولید,مالی,R(بودجه)
R12 مدیر تولید,HR,R(تیم)
R12 مدیر تولید,فروش,R
R12 مدیر تولید,داده پایه (MDM),C
R12 مدیر تولید,زیرساخت/OT,—
R13 فروش,تولید/MES,R
R13 فروش,کیفیت/LIMS,R
R13 فروش,انبار/WMS,R
R13 فروش,نت/CMMS,—
R13 فروش,HSE,—
R13 فروش,حراست,—
R13 فروش,مالی,R
R13 فروش,HR,—
R13 فروش,فروش,CRUD
R13 فروش,داده پایه (MDM),R
R13 فروش,زیرساخت/OT,—
R14 بازرگانی خارجی,تولید/MES,R
R14 بازرگانی خارجی,کیفیت/LIMS,R
R14 بازرگانی خارجی,انبار/WMS,R
R14 بازرگانی خارجی,نت/CMMS,—
R14 بازرگانی خارجی,HSE,—
R14 بازرگانی خارجی,حراست,R
R14 بازرگانی خارجی,مالی,R
R14 بازرگانی خارجی,HR,—
R14 بازرگانی خارجی,فروش,CRUD
R14 بازرگانی خارجی,داده پایه (MDM),R
R14 بازرگانی خارجی,زیرساخت/OT,—
R15 حسابدار,تولید/MES,R
R15 حسابدار,کیفیت/LIMS,R
R15 حسابدار,انبار/WMS,R
R15 حسابدار,نت/CMMS,R
R15 حسابدار,HSE,R
R15 حسابدار,حراست,R
R15 حسابدار,مالی,CRUD
R15 حسابدار,HR,R
R15 حسابدار,فروش,R
R15 حسابدار,داده پایه (MDM),R
R15 حسابدار,زیرساخت/OT,—
R16 مدیر مالی (CFO),تولید/MES,R
R16 مدیر مالی (CFO),کیفیت/LIMS,R
R16 مدیر مالی (CFO),انبار/WMS,R
R16 مدیر مالی (CFO),نت/CMMS,R
R16 مدیر مالی (CFO),HSE,R
R16 مدیر مالی (CFO),حراست,R
R16 مدیر مالی (CFO),مالی,CRUD+A
R16 مدیر مالی (CFO),HR,R
R16 مدیر مالی (CFO),فروش,R+A
R16 مدیر مالی (CFO),داده پایه (MDM),C(مالی)
R16 مدیر مالی (CFO),زیرساخت/OT,—
R17 منابع انسانی,تولید/MES,R
R17 منابع انسانی,کیفیت/LIMS,R
R17 منابع انسانی,انبار/WMS,—
R17 منابع انسانی,نت/CMMS,R
R17 منابع انسانی,HSE,R
R17 منابع انسانی,حراست,R
R17 منابع انسانی,مالی,R
R17 منابع انسانی,HR,CRUD
R17 منابع انسانی,فروش,—
R17 منابع انسانی,داده پایه (MDM),C(HR)
R17 منابع انسانی,زیرساخت/OT,—
R20 مدیر کارخانه,تولید/MES,R+A
R20 مدیر کارخانه,کیفیت/LIMS,R+A
R20 مدیر کارخانه,انبار/WMS,R+A
R20 مدیر کارخانه,نت/CMMS,R+A
R20 مدیر کارخانه,HSE,R+A
R20 مدیر کارخانه,حراست,R+A
R20 مدیر کارخانه,مالی,R
R20 مدیر کارخانه,HR,R
R20 مدیر کارخانه,فروش,R
R20 مدیر کارخانه,داده پایه (MDM),C
R20 مدیر کارخانه,زیرساخت/OT,R
R21 مدیرعامل,تولید/MES,R
R21 مدیرعامل,کیفیت/LIMS,R
R21 مدیرعامل,انبار/WMS,R
R21 مدیرعامل,نت/CMMS,R
R21 مدیرعامل,HSE,R
R21 مدیرعامل,حراست,R
R21 مدیرعامل,مالی,R
R21 مدیرعامل,HR,R
R21 مدیرعامل,فروش,R
R21 مدیرعامل,داده پایه (MDM),R
R21 مدیرعامل,زیرساخت/OT,R
R22 مهندس ابزار دقیق,تولید/MES,R
R22 مهندس ابزار دقیق,کیفیت/LIMS,R
R22 مهندس ابزار دقیق,انبار/WMS,—
R22 مهندس ابزار دقیق,نت/CMMS,R
R22 مهندس ابزار دقیق,HSE,—
R22 مهندس ابزار دقیق,حراست,—
R22 مهندس ابزار دقیق,مالی,—
R22 مهندس ابزار دقیق,HR,—
R22 مهندس ابزار دقیق,فروش,—
R22 مهندس ابزار دقیق,داده پایه (MDM),C(تگ/تجهیز)
R22 مهندس ابزار دقیق,زیرساخت/OT,CRU (با MFA)
R23 ادمین سیستم,تولید/MES,R
R23 ادمین سیستم,کیفیت/LIMS,R
R23 ادمین سیستم,انبار/WMS,R
R23 ادمین سیستم,نت/CMMS,R
R23 ادمین سیستم,HSE,R
R23 ادمین سیستم,حراست,R
R23 ادمین سیستم,مالی,R
R23 ادمین سیستم,HR,R
R23 ادمین سیستم,فروش,R
R23 ادمین سیستم,داده پایه (MDM),R
R23 ادمین سیستم,زیرساخت/OT,CRUD (با کنترل دو نفره)
R24 افسر امنیت OT,تولید/MES,R
R24 افسر امنیت OT,کیفیت/LIMS,R
R24 افسر امنیت OT,انبار/WMS,R
R24 افسر امنیت OT,نت/CMMS,R
R24 افسر امنیت OT,HSE,R
R24 افسر امنیت OT,حراست,R
R24 افسر امنیت OT,مالی,R
R24 افسر امنیت OT,HR,R
R24 افسر امنیت OT,فروش,R
R24 افسر امنیت OT,داده پایه (MDM),R
R24 افسر امنیت OT,زیرساخت/OT,CRUD+A (سیاست)
