cls,scope,duration,media,deletable
**تله‌متری خام**,مقادیر سنسور با برچسب زمان,۲ سال فشرده + نمونه‌برداری‌شده ۱۰ سال,Historian + object store,بله (پس از انقضا)
**عملیاتی**,تراکنش‌های تولید/انبار/نگهداشت,۳ تا ۱۰ سال,پایگاه داده + پشتیبان,خیر (آرشیو)
**انطباق**,نتایج کیفیت، CAPA، PTW، حوادث,۱۰ سال [فرض],پایگاه داده + WORM,خیر
**مالی**,اسناد حسابداری,۱۰ سال [فرض],ERP + آرشیو,خیر
**حسابرسی (Audit)**,رویدادهای تراکنش‌های بحرانی,۷ سال (هم‌راستا با طولانی‌ترین کلاس مرتبط),WORM + تکرار خارج از سایت,**هرگز**
**امنیتی**,لاگ تردد، دسترسی‌ها، SIEM,۱ سال آنلاین + ۳ سال آرشیو,SIEM/آرشیو,خیر
**ویدئو**,تصاویر دوربین‌ها,۳۰ روز (رخدادها تا بسته‌شدن پرونده + ۱ سال),NVR + WORM برای رخدادها,خیر (برای رخدادها)
**شخصی (PII)**,داده‌های پرسنلی حساس,طبق قانون کار و سیاست حریم خصوصی,پایگاه داده با رمزنگاری,بله (با فرآیند)
**تحلیلی**,انبار داده و مکعب‌ها,۵ سال,DWH,بله (بازسازی از Kafka)
