phase,phase_fa,wbs,work_package,start_week,duration_weeks,depends_on,deliverable,owner_role,team,cost_low_musd,cost_high_musd,prereq,risk_ref
P0,فاز ۰ — ارزیابی As-Is و Master Data,P0.1,ممیزی وضعیت موجود فرآیندها و سیستم‌ها,1,4,,گزارش As-Is و نقشه فرآیندها,مدیر پروژه,"PM، تحلیل‌گر کسب‌وکار، نمایندگان واحدها",0.04,0.07,دسترسی به واحدها,R12
P0,فاز ۰ — ارزیابی As-Is و Master Data,P0.2,ممیزی فنی OT (PLC/شبکه/ابزار دقیق),1,5,,فهرست تجهیزات و نقشه شکاف OT,معمار کل,"مهندس ابزار دقیق، شبکه، برق",0.03,0.05,توقف‌های برنامه‌ریزی‌شده,R03
P0,فاز ۰ — ارزیابی As-Is و Master Data,P0.3,طراحی مدل داده پایه و تعیین مالکان,3,5,P0.1;P0.2,دفترچه داده پایه و ماتریس مالکیت,دفتر مدیریت داده,"مالکان داده، معمار کل",0.03,0.05,P0.1,R01
P0,فاز ۰ — ارزیابی As-Is و Master Data,P0.4,پاک‌سازی و مهاجرت داده‌های پایه بحرانی,5,4,P0.3,داده پایه آماده در MDM,دفتر مدیریت داده,"تحلیل‌گر داده، مالکان داده",0.02,0.03,P0.3,R01
P1,فاز ۱ — زیرساخت: شبکه/سرور/Historian/SSO,P1.1,شبکه صنعتی (ستون فقرات، VLAN، Wi-Fi سوله),9,10,P0.2,شبکه OT/IT تفکیک‌شده و مستند,مهندس شبکه,"شبکه، برق، IT",0.20,0.32,P0.2,R03
P1,فاز ۱ — زیرساخت: شبکه/سرور/Historian/SSO,P1.2,زیرساخت سرور و مجازی‌سازی (HA),10,8,P1.1,کلاستر سرورها و DR اولیه,مدیر IT,"IT، زیرساخت",0.15,0.25,P1.1,R07
P1,فاز ۱ — زیرساخت: شبکه/سرور/Historian/SSO,P1.3,استقرار Historian و مدل تگ (UNS),13,8,P1.2,Historian با مدل یکسان تجهیز,مهندس ابزار دقیق,"ابزار دقیق، IT، معمار کل",0.10,0.16,P1.2,R02
P1,فاز ۱ — زیرساخت: شبکه/سرور/Historian/SSO,P1.4,هویت یکپارچه (SSO/MFA) و مدیریت دسترسی,12,6,P1.2,SSO با RBAC پایه و MFA,افسر امنیت,"IT، حراست، HRM",0.06,0.10,P1.2,R06
P1,فاز ۱ — زیرساخت: شبکه/سرور/Historian/SSO,P1.5,ستون فقرات رویداد (Kafka/MQTT) و Schema Registry,15,8,P1.2,برای موضوعات و قالب رویداد یکسان,معمار کل,"تیم یکپارچه‌سازی، IT",0.07,0.12,P1.2,R02
P1,فاز ۱ — زیرساخت: شبکه/سرور/Historian/SSO,P1.6,Industrial DMZ و کنترل‌های IEC 62443,14,8,P1.1,DMZ با کاندویت‌های مستند,افسر امنیت OT,"امنیت، شبکه",0.08,0.14,P1.1,R06
P1,فاز ۱ — زیرساخت: شبکه/سرور/Historian/SSO,P1.7,مانیتورینگ، لاگ و پشتیبان‌گیری,16,6,P1.2,داشبورد سلامت زیرساخت,مدیر IT,"IT",0.04,0.07,P1.2,R07
P2,فاز ۲ — اتوماسیون L1/L2 خطوط بحرانی,P2.1,نوسازی/ارتقای PLC و ایمنی خطوط بحرانی,25,14,P1.3,PLC با OPC UA و Safety PLC,مهندس کنترل,"کنترل، برق، پیمانکار",0.45,0.75,P1.3,R03
P2,فاز ۲ — اتوماسیون L1/L2 خطوط بحرانی,P2.2,ابزار دقیق و سنسورهای فرآیندی خط پایلوت,26,10,P2.1,سنسورهای CPP نصب و کالیبره‌شده,مهندس ابزار دقیق,"ابزار دقیق، مکانیک",0.25,0.40,P2.1,R03
P2,فاز ۲ — اتوماسیون L1/L2 خطوط بحرانی,P2.3,SCADA/HMI یکپارچه با مدل تگ,30,10,P2.2,SCADA با Alarm Console (ISA-18.2),مهندس کنترل,"کنترل، IT",0.20,0.35,P2.2,R02
P2,فاز ۲ — اتوماسیون L1/L2 خطوط بحرانی,P2.4,مدیریت آلارم (Rationalization) خط پایلوت,33,6,P2.3,کتابخانه آلارم استاندارد,مهندس کنترل,"کنترل، تولید، HSE",0.06,0.10,P2.3,R09
P2,فاز ۲ — اتوماسیون L1/L2 خطوط بحرانی,P2.5,محاسبه OEE واقعی از داده ماشین (خط پایلوت),34,6,P2.3,داشبورد OEE با دریل‌داون,مهندس صنایع,"تولید، ابزار دقیق",0.08,0.13,P2.3,R05
P2,فاز ۲ — اتوماسیون L1/L2 خطوط بحرانی,P2.6,تعمیم به خطوط ۲ و ۳,38,16,P2.5,همه خطوط بحرانی متصل,مدیر پروژه,"تیم فاز ۲",0.36,0.65,P2.5,R03
P3,فاز ۳ — MES / WMS / CMMS / LIMS,P3.1,استقرار MES (دستور کار، مصرف، شجره‌نامه),40,20,P2.5,ثبت خودکار تولید روی پایلوت,مدیر پروژه,"MES، تولید، QC",0.35,0.55,P2.5,R04
P3,فاز ۳ — MES / WMS / CMMS / LIMS,P3.2,WMS انبارها (مواد، محصول، فنی),44,18,P3.1,مکان‌محوری و اسکن‌محوری کامل,سرپرست انبار,"انبارها، IT",0.25,0.42,P3.1,R04
P3,فاز ۳ — MES / WMS / CMMS / LIMS,P3.3,LIMS و گیت‌های کیفیت,46,12,P3.1,جریان نمونه تا ترخیص الکترونیکی,مدیر کیفیت,"QC، آزمایشگاه",0.15,0.25,P3.1,R10
P3,فاز ۳ — MES / WMS / CMMS / LIMS,P3.4,CMMS و درخت دارایی، PM برنامه‌ریزی‌شده,44,16,P1.2,WO خودکار و تقویم PM,مدیر نت,"نت، برق، مکانیک، تأسیسات",0.18,0.30,P1.2,R11
P3,فاز ۳ — MES / WMS / CMMS / LIMS,P3.5,سامانه HSE (PTW/LOTO/رخداد),48,12,P3.4,PTW الکترونیکی با گیت‌های HSE,مدیر HSE,"HSE، نت، حراست",0.12,0.20,P3.4,R11
P3,فاز ۳ — MES / WMS / CMMS / LIMS,P3.6,یکپارچه‌سازی MDM↔MES↔WMS↔CMMS,50,10,P3.1;P3.2;P3.4,جریان داده پایه یکپارچه,معمار کل,"تیم یکپارچه‌سازی",0.10,0.18,P3.1,R02
P3,فاز ۳ — MES / WMS / CMMS / LIMS,P3.7,سامانه حراست و کنترل تردد یکپارچه,52,10,P1.4,تردد و مجوز خروج الکترونیکی,مسئول حراست,"حراست، HRM، IT",0.09,0.16,P1.4,R06
P4,فاز ۴ — یکپارچه‌سازی ERP/HRM/مالی,P4.1,اتصال ERP ↔ MES (سفارش، مصرف، تولید),60,14,P3.1,جریان تولید به ERP,مدیر پروژه,"ERP، تیم یکپارچه‌سازی",0.15,0.25,P3.1,R04
P4,فاز ۴ — یکپارچه‌سازی ERP/HRM/مالی,P4.2,بهای تمام‌شده واقعی بچ,62,12,P4.1,گزارش بهای واقعی با تفکیک انحراف,کنترلر مالی,"مالی، تولید، تأسیسات",0.12,0.20,P4.1,R08
P4,فاز ۴ — یکپارچه‌سازی ERP/HRM/مالی,P4.3,یکپارچه‌سازی HRM (حضور، مهارت، حقوق),60,10,P3.7,کارکرد و صلاحیت یکپارچه,مدیر منابع انسانی,"HRM، حراست، مالی",0.08,0.14,P3.7,R12
P4,فاز ۴ — یکپارچه‌سازی ERP/HRM/مالی,P4.4,ماژول بازرگانی داخلی و پورتال مشتری,62,12,P3.2,سفارش/ATP/فاکتور یکپارچه,مدیر فروش,"فروش، انبار، مالی",0.12,0.20,P3.2,R08
P4,فاز ۴ — یکپارچه‌سازی ERP/HRM/مالی,P4.5,ماژول تجارت خارجی و انطباق اسنادی,64,12,P4.4,اسناد و گمرک یکپارچه,مدیر بازرگانی خارجی,"بازرگانی خارجی، مالی، QC",0.10,0.18,P4.4,R13
P4,فاز ۴ — یکپارچه‌سازی ERP/HRM/مالی,P4.6,مدیریت مالی و ثبت خودکار رویدادها,64,10,P4.1,اسناد خودکار با ردیابی,مدیر مالی,"مالی، تیم یکپارچه‌سازی",0.09,0.16,P4.1,R08
P4,فاز ۴ — یکپارچه‌سازی ERP/HRM/مالی,P4.7,استقرار Audit Trail تغییرناپذیر,60,8,P1.5,زنجیره درهم‌سازی و انبار WORM,افسر امنیت,"امنیت، IT، معمار کل",0.06,0.11,P1.5,R06
P5,فاز ۵ — BI / PdM / Digital Twin / انرژی,P5.1,انبار داده و لایه معنایی (Semantic Layer),74,12,P4.1,تعریف واحد شاخص‌ها در یک لایه,تیم داده,"BI، مالی، تولید",0.12,0.20,P4.1,R05
P5,فاز ۵ — BI / PdM / Digital Twin / انرژی,P5.2,داشبوردهای مدیریتی (مدیرعامل/CFO/مدیر کارخانه),78,10,P5.1,داشبورد نقش‌محور با دریل‌داون,تیم داده,"BI، مدیریت",0.08,0.14,P5.1,R05
P5,فاز ۵ — BI / PdM / Digital Twin / انرژی,P5.3,PdM: پایش وضعیت و پیش‌بینی خرابی,76,14,P2.5,امتیاز سلامت و WO پیش‌بینانه,مهندس قابلیت اطمینان,"نت، مکانیک، برق، داده",0.15,0.25,P2.5,R11
P5,فاز ۵ — BI / PdM / Digital Twin / انرژی,P5.4,مدیریت انرژی و بهینه‌سازی تأسیسات,78,12,P2.5,مصرف ویژه و ست‌پوینت‌های بهینه,مهندس تأسیسات,"تأسیسات، برق، مالی",0.10,0.18,P2.5,R14
P5,فاز ۵ — BI / PdM / Digital Twin / انرژی,P5.5,Digital Twin تصمیم‌محور (شبیه‌سازی زمان‌بندی/انرژی),82,12,P5.1,مدل چه-اگر برای برنامه و انرژی,تیم داده,"BI، برنامه‌ریزی، مهندسی",0.07,0.13,P5.1,R15
P5,فاز ۵ — BI / PdM / Digital Twin / انرژی,P5.6,شبیه‌سازی سناریوی فراخوان (Recall Twin),82,6,P3.1,مانور فراخوان زیر ۳۰ ثانیه,مدیر کیفیت,"QC، انبار، تولید",0.04,0.07,P3.1,R10
P6,فاز ۶ — بهبود مستمر، آموزش و تحویل,P6.1,آموزش نقش‌محور و صدور گواهی داخلی,88,10,P3.1,کاربران آموزش‌دیده و مستندات,مدیر تغییر,"HRM، رهبران تغییر",0.06,0.10,P3.1,R12
P6,فاز ۶ — بهبود مستمر، آموزش و تحویل,P6.2,بهینه‌سازی فرآیندها بر اساس داده واقعی,90,10,P5.2,گزارش بهبود و KPI تحقق‌یافته,مدیر پروژه,"تیم بهبود، واحدها",0.05,0.09,P5.2,R16
P6,فاز ۶ — بهبود مستمر، آموزش و تحویل,P6.3,ممیزی امنیت OT و تست نفوذ,90,8,P1.6,گزارش انطباق IEC 62443,افسر امنیت OT,"امنیت، مشاور خارجی",0.04,0.08,P1.6,R06
P6,فاز ۶ — بهبود مستمر، آموزش و تحویل,P6.4,مانور بازیابی فاجعه و پایداری عملیاتی,92,4,P1.7,گزارش DR با RPO/RTO تأیید‌شده,مدیر IT,"IT، واحدها",0.02,0.04,P1.7,R07
P6,فاز ۶ — بهبود مستمر، آموزش و تحویل,P6.5,تحویل به مالک داخلی و مستندات نهایی,94,8,P6.1;P6.2,بسته تحویل و Runbook,مدیر پروژه,"همه",0.03,0.06,P6.1,R16
P6,فاز ۶ — بهبود مستمر، آموزش و تحویل,P6.6,برنامه بهبود مستمر و حاکمیت داده,96,4,P6.5,منشور حاکمیت و تقویم بازنگری,دفتر مدیریت داده,"مدیریت، مالکان داده",0.02,0.04,P6.5,R16
