code,raci_actor,owner_aliases,ui_role,notify_note
R01,SHF,اپراتور,R01,
R02,SHF,سرپرست شیفت|سرپرست تولید|سرپرست واحد|سرپرست بهره‌بردار,R02,
R03,QAM,QC شیفت|تکنسین QC|اپراتور + QC|سرپرست انبار + QC,R03,
R04,QAM,QC|مدیر کیفیت|مسئول کیفیت|سرپرست آزمایشگاه|QC + تأسیسات,R04,
R05,SCM,انباردار,R05,اعلان‌های انبار به «سرپرست انبار» می‌رود؛ انباردار وظیفه را روی RF/تبلت دریافت می‌کند، نه در صفِ اعلانِ مدیریتی.
R06,SCM,سرپرست انبار|مدیر لجستیک|سرپرست انبار فنی,R06,
R07,MTM,تکنسین|مهندس مکانیک|مهندس برق|مهندس تأسیسات|مهندس ارتعاشات|سرپرست برق شیفت,R07,
R08,MTM,سرپرست نت|مدیر نت|برنامه‌ریز نت|نت|سرپرست مکانیک|سرپرست برق|سرپرست تأسیسات|مهندس قابلیت اطمینان|مهندسی صنایع|تأسیسات,R08,
R09,HSEM,HSE|مدیر HSE|مسئول HSE|مسئول HSE شیفت,R09,
R10,SECM,حراست|مسئول حراست|نگهبان گیت|میزبان,R10,
R11,PRDM,برنامه‌ریز تولید|برنامه‌ریز نیرو|مهندسی فرآیند,R11,
R12,PRDM,مدیر تولید|سرپرست تولید,R12,
R13,SCM,مدیر فروش|فروش,R13,
R14,SCM,بازرگانی خارجی|کارشناس بازرگانی خارجی|بازرگانی,R14,
R15,CFO,حسابدار خرید|خزانه‌دار,R15,شاخص‌های مالی در مالکیتِ مدیر مالی است؛ حسابدار ورودیِ داده (اسناد و تطبیق) را فراهم می‌کند.
R16,CFO,مدیر مالی|مالی|مدیر بودجه|کنترلر مالی,R16,
R17,HRM,HRM|منابع انسانی,R17,
R18,HRM,کارمند|پشتیبانی,R18,کارمند گیرندهٔ اعلانِ هشدارِ فرایندی نیست؛ اعلان‌های او در پورتال کارمند است.
R19,SCM,مشتری|تأمین‌کننده,R19,مشتری/تأمین‌کننده خارج از مرز OT است و هیچ هشدار داخلی دریافت نمی‌کند.
R20,PM,مدیر کارخانه|مدیر واحد|سرپرست واحد,R20,
R21,CEO,مدیرعامل|CEO,R21,مدیرعامل در صفِ اعلانِ عملیاتی نیست؛ شاخص‌های سطح راهبردی را روی «داشبورد مدیرعامل» می‌بیند و فقط در تصمیم‌های سرمایه‌ای Accountable است.
R22,ITM,ابزار دقیق|IT|مدیر IT,R22,
R23,ITM,تیم داده|دفتر مدیریت داده|مالک داده|پشتیبانی,R23,
R24,ITM,افسر امنیت OT|امنیت OT,R24,
