code,step,phase,action,system,evidence
R01,1,شروع شیفت,تحویل‌گیری خط: خواندن وضعیت توقف‌ها و دستور کارِ فعال,MES روی تابلوی لمسی,چک‌لیست تحویل شیفت
R01,2,حین کار,ثبت تولید، توقف و ضایعاتِ لحظه‌ای با اسکن,MES + RF,رکورد تولید با مهر زمان و کد اپراتور
R01,3,تصمیم/استثناء,ثبت توقفِ برنامه‌ریزی‌نشده با علت از پیش‌تعریف‌شده,MES,«فرم ثبت توقف» + رویداد StopReason در Historian
R01,4,تحویل شیفت,تأیید خروجی شیفت و تحویل به شیفت بعد,MES,گزارش شیفت + OEE شیفت
R02,1,شروع شیفت,تخصیص نیرو و بازبینی برنامهٔ روز,MES + APS,برنامهٔ شیفت نهایی
R02,2,حین کار,پایش OEE و توقف‌های خطوطِ تحت‌سرپرستی,داشبورد OEE,نمودار توقف به تفکیک علت
R02,3,تصمیم/استثناء,تأیید توقفِ اضطراری و ارجاع کار به نت,MES + CMMS,«فرم ثبت توقف» تأییدشده + WO
R02,4,تحویل شیفت,امضای گزارش شیفت و ثبت نکات ایمنی,MES + HSE,گزارش شیفت + یادداشت ایمنی
R03,1,شروع شیفت,دریافت فهرست نمونه‌های برنامه‌ریزی‌شده,LIMS,کارتابل نمونه‌ها
R03,2,حین کار,ثبت نتیجهٔ آزمون با پیوستِ خروجی دستگاه,LIMS,نتیجهٔ آزمون با پیوست دستگاه
R03,3,تصمیم/استثناء,صدور اعلان انحراف و ارجاع به NCR,LIMS + QMS,«فرم NCR/CAPA» + اعلان به سرپرست QC
R03,4,تحویل شیفت,تحویل نمونه‌های باز و وضعیت ترخیص,LIMS,وضعیت نمونه‌های معوق
R04,1,شروع روز,بازبینی نمونه‌های معوق و بچ‌های در انتظار ترخیص,LIMS,کارتابل ترخیص
R04,2,حین کار,ترخیص یا قرنطینه کردن بچ بر اساس نتایج,LIMS,«صفحهٔ ترخیص بچ» + وضعیت QA
R04,3,تصمیم/استثناء,تأیید CAPA و بستن NCR با سنجش اثربخشی,QMS,«فرم NCR/CAPA» بسته‌شده
R04,4,پایان روز,امضای شاخص‌های کیفیت و ارسال به مدیر کارخانه,LIMS + BI,گزارش روزانهٔ کیفیت
R05,1,شروع شیفت,دریافت فهرست رسیدها و Pickهای شیفت,WMS روی RF,کارتابل RF
R05,2,حین کار,اسکن رسید، جابه‌جایی و بارگیری با بارکد,WMS + RF,تراکنش موجودی با مهر زمان
R05,3,تصمیم/استثناء,ثبت مغایرتِ موجودی و درخواست بازشماری,WMS,«صفحهٔ رسید و بازرسی» + وظیفهٔ بازشماری
R05,4,تحویل شیفت,بستنِ وظایفِ باز و تحویل دستگاه RF,WMS,وظایفِ انجام‌شده
R06,1,شروع روز,بازبینی موجودی‌های زیر حد و سفارش‌های معوق,WMS,فهرست تأمینِ مجدد
R06,2,حین کار,تأیید رسیدها و ترخیص خروجی‌ها,WMS,تأیید رسید
R06,3,تصمیم/استثناء,تصمیم دربارهٔ مواد قرنطینه‌شده با هماهنگی QC,WMS + LIMS,وضعیت ماده + هماهنگی QC
R06,4,پایان روز,پایش دقت موجودی و OTIF انبار,WMS + BI,شاخص دقت موجودی
R07,1,شروع شیفت,دریافت WOهای اختصاص‌یافته روی تبلت,CMMS (آفلاین-نخست),«صفحهٔ کار من»
R07,2,حین کار,اجرای چک‌لیست PM و ثبت اندازه‌گیری‌ها,CMMS + تبلت,«فرم اجرای PM» تکمیل‌شده
R07,3,تصمیم/استثناء,دریافت مجوز PTW/LOTO پیش از کار روی تجهیز زنده,PTW + CMMS,«فرم PTW/LOTO» امضاشده
R07,4,تحویل شیفت,ثبت قطعات مصرفی و بستن WO,CMMS + WMS,WO بسته + مصرف قطعه
R08,1,شروع روز,بازبینی WOهای معوق و PMهای سررسید,CMMS,برنامهٔ هفته
R08,2,حین کار,تخصیص WO بر اساس مهارت و دسترسی قطعه,CMMS,WO تخصیص‌یافته
R08,3,تصمیم/استثناء,تصمیم تعمیر در برابر تعویض بر اساس PdM,CMMS + PdM,توصیهٔ تعمیر/تعویض
R08,4,پایان روز,پایش MTBF و انجام به‌موقع PM,CMMS + BI,شاخص‌های نت
R09,1,شروع روز,بازبینی حوادث/شبه‌حادثه‌های ۲۴ ساعت و PTWهای فعال,HSE,کارتابل ایمنی
R09,2,حین کار,تأیید PTW/LOTO و مجوز کار گرم,PTW,«فرم PTW/LOTO» تأییدشده
R09,3,تصمیم/استثناء,فعال‌سازی توقف اضطراری و اعلان سراسری,HSE + OT,«داشبورد آلارم ایمنی» + لاگ توقف
R09,4,پایان روز,پیگیری CAPAهای ایمنی و شاخص LTIFR,HSE + BI,گزارش ایمنی
R10,1,شروع شیفت,تحویل‌گیری گیت و بازبینی مجوزهای خروجِ روز,حراست,کارتابل گیت
R10,2,حین کار,ثبت تردد کامیون/پیمانکار و کنترل بارنامه,حراست + WMS,لاگ تردد + «فرم بارنامه و مجوز خروج»
R10,3,تصمیم/استثناء,ثبت رخداد امنیتی و فراخوان,حراست,«داشبورد گیت و تردد» + گزارش رخداد
R10,4,تحویل شیفت,تحویل لاگ‌های تردد و موارد باز,حراست,لاگ شیفت
R11,1,شروع روز,به‌روزرسانی تقاضا و محدودیت‌های ظرفیت,APS,برنامهٔ پیشنهادی
R11,2,حین کار,زمان‌بندی و صدور دستور کار,APS + MES,«صفحهٔ APS و زمان‌بندی» + دستور کارها
R11,3,تصمیم/استثناء,باززمان‌بندی پس از توقف یا خرابی,APS,برنامهٔ تجدیدنظرشده
R11,4,پایان روز,پایش برنامه در برابر واقعیت,APS + BI,انحراف برنامه (Schedule Adherence)
R12,1,شروع روز,بازبینی OEE و توقف‌های دیروز,MES + BI,پروندهٔ تولید روز
R12,2,حین کار,تصویب تغییرات برنامه و اولویت‌بندی خطوط,APS + MES,دستور تغییر برنامه
R12,3,تصمیم/استثناء,توقف خط برای ایمنی/کیفیت با هماهنگی HSE و QC,MES + HSE + LIMS,تصمیم توقف + اعلان
R12,4,پایان روز,گزارش تولید و انحراف‌ها به مدیر کارخانه,BI,گزارش روزانهٔ تولید
R13,1,شروع روز,بازبینی سفارش‌های باز و وضعیت اعتبار مشتری,CRM + ERP,کارتابل سفارش
R13,2,حین کار,ثبت/اصلاح سفارش و استعلام موجودی قابل وعده,CRM + ERP,سفارش تأییدشده + ATP
R13,3,تصمیم/استثناء,درخواست تخصیص ویژه برای مشتری کلیدی,CRM + APS,تخصیص ویژه
R13,4,پایان روز,به‌روزرسانی پیش‌بینی و وضعیت OTIF,CRM + BI,پیش‌بینی فروش
R14,1,شروع روز,پیگیری محموله‌ها و وضعیت ترخیص,بازرگانی خارجی,کارتابل محموله
R14,2,حین کار,بارگذاری اسناد حمل و گواهی‌ها,DMS,بستهٔ اسناد محموله
R14,3,تصمیم/استثناء,رفع مغایرت اسنادی با گمرک/بانک,DMS + ERP,اصلاح سند + پیگیری
R14,4,پایان روز,به‌روزرسانی هزینهٔ landed و ارسال به مالی,ERP,هزینهٔ تمام‌شدهٔ محموله
R15,1,شروع روز,بازبینی اسناد تعهدی و پرداخت‌های سررسید,ERP,کارتابل مالی
R15,2,حین کار,ثبت فاکتور و تطبیق سه‌گانه (سفارش/رسید/فاکتور),ERP + WMS,سند تطبیق‌شده
R15,3,تصمیم/استثناء,بلوکه کردن پرداختِ مغایر و درخواست اصلاح,ERP,پرداخت معلق + تیکت اصلاح
R15,4,پایان روز,ثبت سند روزانه و آماده‌سازی بستن دوره,ERP,سند حسابداری
R16,1,شروع روز,بازبینی جریان نقد و انحراف بودجه,ERP + BI,پروندهٔ مالی روز
R16,2,حین کار,تأیید تخصیص بودجه و سرمایه‌گذاری,ERP,مصوبهٔ بودجه
R16,3,تصمیم/استثناء,توقف هزینه در صورت انحراف از بودجهٔ پروژه,ERP + PPM,دستور توقف هزینه
R16,4,پایان روز,پایش بهای تمام‌شده و حاشیه,BI,گزارش بهای تمام‌شده
R17,1,شروع روز,بازبینی حضور و غیاب و درخواست‌های مرخصی,HR + گیت,کارتابل منابع انسانی
R17,2,حین کار,به‌روزرسانی گواهینامه‌ها و مهارت‌های مجاز,HR + CMMS,ماتریس مهارت (مبنای تخصیص WO)
R17,3,تصمیم/استثناء,لغو دسترسیِ پرسنلِ خروجی یا تعلیق,HR + IAM,دسترسی لغو شد
R17,4,پایان روز,گزارش نیروی کار و آموزش‌های سررسید,HR + BI,گزارش منابع انسانی
R18,1,شروع روز,ورود به پورتال و مشاهدهٔ وظایف و درخواست‌های خود,پورتال کارمند,کارتابل شخصی
R18,2,حین کار,ثبت درخواست مرخصی/کاری,پورتال کارمند,درخواست ثبت‌شده
R18,3,تصمیم/استثناء,گزارش شبه‌حادثه یا خطر مشاهده‌شده,پورتال + HSE,«فرم حادثه / شبه‌حادثه»
R18,4,پایان روز,مشاهدهٔ فیش حقوق و وضعیت آموزش,پورتال کارمند,فیش/گواهی
R19,1,شروع روز,ورود به پورتال و مشاهدهٔ سفارش‌های باز,پورتال مشتری,وضعیت سفارش
R19,2,حین کار,بارگذاری اسناد یا تأیید پیش‌فاکتور,پورتال مشتری,سند بارگذاری‌شده
R19,3,تصمیم/استثناء,ثبت ادعا/مرجوعی کیفیت,پورتال + QMS,«فرم NCR/CAPA» مشتری
R19,4,پایان روز,پیگیری ارسال و گواهی آنالیز (CoA),پورتال مشتری,وضعیت محموله + CoA
R20,1,شروع روز,بازبینی داشبورد مدیریتی: OEE، ایمنی، کیفیت، هزینه,BI,پروندهٔ روزانهٔ کارخانه
R20,2,حین کار,تصمیم دربارهٔ توازن خطوط و اولویت‌بندی منابع,APS + CMMS,دستور تخصیص
R20,3,تصمیم/استثناء,تشکیل تیم واکنش برای توقفِ بزرگ یا حادثه,BI + HSE + CMMS,دستور واکنش
R20,4,پایان روز,گفتگوی عملیاتیِ روزانه و پیگیری اقدامات,BI,فهرست اقدامات
R21,1,شروع روز,مشاهدهٔ شاخص‌های سطح راهبردی,داشبورد مدیرعامل,کارت امتیازی
R21,2,حین کار,بررسی روند ماهانه در برابر هدف,داشبورد مدیرعامل,روند شاخص‌ها
R21,3,تصمیم/استثناء,تأیید تخصیص سرمایه و تغییر اولویت راهبردی,PPM + ERP,مصوبهٔ سرمایه‌ای
R21,4,پایان دوره,تأیید گزارش دوره‌ای هیئت,BI,گزارش هیئت
R22,1,شروع روز,بازبینی سلامت شبکهٔ OT و تگ‌های بی‌داده,Historian + OT,کارتابل ابزار دقیق
R22,2,حین کار,تغییر تنظیمات کنترلی یا مقیاس تگ با MFA و ثبت تغییر,PLC + Historian,لاگ تغییر + نسخهٔ تنظیمات
R22,3,تصمیم/استثناء,تشخیص خطای سنسور در برابر خطای فرایند,Historian + PdM,تشخیص + درخواست کالیبراسیون
R22,4,پایان روز,به‌روزرسانی نقشهٔ تگ‌ها و پشتیبان‌گیری,OT + DMS,نسخهٔ تنظیمات
R23,1,شروع روز,بازبینی سلامت سرویس‌ها و پشتیبان‌ها,IT,کارتابل زیرساخت
R23,2,حین کار,مدیریت حساب‌ها و دسترسی‌ها با کنترل دو نفره,IAM,درخواست دسترسیِ تأییدشده
R23,3,تصمیم/استثناء,واکنش به رخداد امنیتی و جداسازی شبکه,IT + OT,رخداد + اقدام مهار
R23,4,پایان روز,پایش SLAهای دسترس‌پذیری و ظرفیت,IT + BI,گزارش SLA
R24,1,شروع روز,بازبینی هشدارهای امنیتی و تلاش‌های دسترسی ناموفق,SIEM,کارتابل امنیت
R24,2,حین کار,به‌روزرسانی سیاست فایروالِ صنعتی و فهرست مجاز,OT + IAM,سیاست تأییدشده
R24,3,تصمیم/استثناء,مهار رخداد و جداسازی منطقه با هماهنگی IT,SIEM + OT,رخداد مهارشده
R24,4,پایان روز,پایش انطباق و آماده‌سازی شواهدِ ممیزی,GRC,بستهٔ شواهد
