unit,groups,count,budget_share
حراست (SEC),کارت‌خوان/چهره، گیت مانع، ANPR، دوربین IP، NVR، باسکول، سنسور درب,~۱۳۰,۱۰٪
HSE,دتکتور گاز ثابت/پرتابل، پنل اعلام حریق، ایستگاه‌های اضطراری، پایش محیطی، تبلت ATEX,~۵۹۰,۱۳٪
تولید و QC (PRD/QCL),PLC/HMI، بارکدخوان، ترازو، ابزار دقیق فرآیندی، بینایی ماشین، تبلت خط، چاپگر لیبل، شبکه,~۴۰۰,۳۰٪
انبار فنی (MRO),بارکدخوان، RFID (اختیاری)، ترمینال لیفتراک، قفسه‌بندی,~۳۰,۳٪
انبار مواد (RMW),باسکول، ترازو، بارکدخوان، سنسور دما/رطوبت، ترمینال لیفتراک,~۶۵,۶٪
انبار محصول (FGW),بارکدخوان ثابت/دستی، دروازهٔ RFID، ترازوی پالت، چاپگر لیبل، دیتالاگر حمل,~۹۰,۷٪
نگهداشت (MNT),سنسور لرزش، دما، کیت روغن، برچسب QR/RFID دارایی، تبلت تکنسین,~۸۷۰ (عمدتاً برچسب/نقاط),۱۵٪
برق (ELE),پاورمتر، رله حفاظتی، CT/PT، سنسور دمای تابلو، ترموگراف، مانیتور باتری,~۴۵۰,۹٪
مکانیک (MEC),سنسور لرزش، دما، فشار روغن، روانکاری خودکار، ابزار تراز/بالانس,~۲۳۰,۵٪
تأسیسات (UTL),ترانسمیتر دما/فشار/دبی/سطح، آنالایزر کیفیت آب، دیوپوینت، کنتور، VFD، آنالایزر پساب,~۲۳۰,۱۲٪
