id,group,requirement,criterion,evidence_docs,evidence_data,evidence_kpi,verification,status,notes
A1,معیار پذیرش,پوششِ همهٔ واحدها با ۹ محور,هر واحدِ سازمانی با ۹ محورِ یکسان (مأموریت · فرآیند · دادهٔ پایه · اتوماسیون · سخت‌افزار · رابط کاربر · قواعد · شاخص/هشدار · یکپارچگی) مستند شود,docs/03-units/ (۱۵ مستند),—,K001..K120,تستِ وجود فایل‌ها + بررسیِ ساختارِ ۹گانهٔ هر فایل,تأمین,"۱۵ واحد: حراست · ایمنی · تولید · QC · انبار فنی · انبار مواد · انبار محصول · منابع انسانی · بازرگانی داخلی · بازرگانی خارجی · مالی · نگهداشت · برق · مکانیک · تأسیسات"
A2,معیار پذیرش,ماتریس یکپارچگیِ بین‌واحدی,هیچ خانهٔ خالی یا مبهمی در ماتریس باقی نماند؛ «—» یعنی «نیازی نیست» نه «نمی‌دانیم»,docs/04-integration-matrix.md,data/integration_matrix.csv (۲۰۴ رابطه),—,تستِ یکتاییِ گره‌ها + نبود رابطهٔ خودی + یکسانیِ عرضِ ردیف‌ها,تأمین,"۲۰۴ رابطه ⇒ ۲۱۱ یال جهت‌دار؛ ۱۱ جریانِ الزامی در §۴-۶"
A3,معیار پذیرش,ردیابیِ سرتاسریِ داده,مسیرِ داده از سنسور تا داشبورد مدیریت به‌صورت سرتاسری قابل ردیابی باشد,docs/02 · docs/18 · docs/19 · docs/21,data/event_catalog.csv (۵۴ رویداد),K001 · K022 · K111 · K112,"بررسیِ زنجیرهٔ مسیر در سناریوی F1 (ماده تا مصرف) و F5 (رویداد مالی)",تأمین,"زنجیره: سنسور → PLC → OPC UA → MQTT/Sparkplug → Kafka → MES → انبار داده → لایهٔ معنایی → داشبورد"
A4,معیار پذیرش,حداقل ۵ شاخص برای هر واحد,هر واحد حداقل ۵ شاخص با فرمول، منبع داده و مالک داشته باشد,docs/08-kpi-catalog.md,data/kpi_catalog.csv (۱۲۰ شاخص),K001..K120,تستِ «حداقل ۵ شاخص برای هر واحد»,تأمین,"کمترین تعداد: ۵ (منابع انسانی، بازرگانی داخلی، بازرگانی خارجی)؛ بیشترین: ۱۵ (تولید)"
A5,معیار پذیرش,امنیت OT/IT و انطباق قانونی,الزامات امنیتی و انطباق به‌صورت صریح و عملیاتی بیان شوند,docs/15 · docs/26 · docs/17 (ADR-005/008/014),data/ot_zones.csv · data/ot_conduits.csv,K112 · K113,بررسیِ تطابقِ کانال‌ها با ADR-008 و نقشهٔ استقرار با فازها,تأمین,"۹ منطقه · ۱۸ کانال · ۸ قانون غیرقابل‌مذاکره · IEC 62443"
A6,معیار پذیرش,نقشهٔ راه فازبندی‌شده,نقشهٔ راه با فازها، خروجیِ هر فاز و برآورد هزینه ارائه شود,docs/11-roadmap.md,data/roadmap.csv (۴۳ بستهٔ کار),—,تستِ هم‌خوانیِ جمعِ هزینه با بودجهٔ مصوب (۴.۹۶ / ۸.۴۲),تأمین,"۷ فاز · ۱۰۲ هفته · ۴.۹۶–۸.۴۲ میلیون دلار · گانتِ متنی"
D01,تحویل‌دادنی,خلاصهٔ مدیریتی,یک صفحه برای مدیرعامل: اعداد کلیدی و سرمایه,docs/00-executive-summary.md,data/financial_model.csv,K001 · K030 · K111,بازخوانیِ مستقل توسط یک مدیرِ غیرفنی,تأمین,شاملِ «اولین سه کارِ هفتهٔ جاری»
D02,تحویل‌دادنی,ورودی‌ها و مفروضات,همهٔ پیش‌فرض‌ها با برچسب «[فرض]» فهرست شوند,docs/01-inputs-and-assumptions.md,—,—,تستِ حضورِ برچسب در سراسر اسناد,تأمین,"A1 تا A8؛ پارامترهای خالیِ مشتری با مقدارِ منطقی پر شده‌اند"
D03,تحویل‌دادنی,جدول جامع واحدها,هر واحد با ۹ محور,+docs/03-units/,data/kpi_catalog.csv · data/alarm_catalog.csv,K001..K120 · A001..A105,تستِ ساختار و ارجاعِ متقابل,تأمین,۱۵ مستندِ واحد
D04,تحویل‌دادنی,نقشهٔ راه و فازبندی,برنامهٔ اجرا با وابستگی‌ها,docs/11-roadmap.md,data/roadmap.csv,—,تستِ توازنِ مالی و صعودی‌بودنِ شیبِ منفعت,تأمین,۴۳ بستهٔ کار + گانت
D05,تحویل‌دادنی,شاخص‌های کلیدی,کاتالوگ شاخص‌ها با فرمول و مالک,docs/08-kpi-catalog.md,data/kpi_catalog.csv (۱۲۰),K001..K120,تستِ «هر شاخص فرمول و منبع دارد»,تأمین,۴ لایهٔ زمانی؛ کارت امتیازی محدود به ۱۲–۲۰ شاخص
D06,تحویل‌دادنی,ماتریس یکپارچگی و جریان داده,ماتریسِ کامل و بدون ابهام,docs/04 · docs/19 · docs/20 · docs/21,data/integration_matrix.csv · data/event_catalog.csv,—,تست‌های یکپارچگیِ داده,تأمین,"شاملِ الگوها و ضدالگوها (§۴-۸)"
D07,تحویل‌دادنی,مدل داده و مالکیت,منبعِ یگانه برای دادهٔ پایه و شجره‌نامه,docs/05 · docs/18,data/master_data.csv (۵۸ موجودیت),K116,تستِ یکتاییِ مالک برای هر موجودیت,تأمین,گرافِ شجره‌نامه + ۹ کلاسِ نگه‌داری
D08,تحویل‌دادنی,امنیت و کنترل دسترسی,مدل امنیتی و تفکیک وظایف,docs/10 · docs/15 · docs/26,data/ot_zones.csv · data/ot_conduits.csv,K112,بررسیِ ماتریس نقش × دسترسی,تأمین,RBAC → ABAC · SoD-01 تا ۰۸
D09,تحویل‌دادنی,برنامهٔ آموزش و مدیریت تغییر,آموزش بر اساس نقش و مدیریت مقاومت,docs/14-change-management.md,—,—,بررسیِ پوششِ نقش‌ها,تأمین,همراستا با ۲۴ نقشِ مستند ۰۷
D10,تحویل‌دادنی,برنامهٔ تست و پذیرش,سناریوهای پذیرش و معیار خروج,docs/13-uat-checklist.md,data/kpi_catalog.csv,•,تستِ تطابقِ سناریوها با جریان‌های مستند ۲۱,تأمین,"L1 تا L8 · UAT-01 تا UAT-12"
D11,تحویل‌دادنی,برآورد هزینه و زمان,بودجهٔ تفکیکی و نقد,docs/11 · docs/25,data/roadmap.csv · data/benefit_model.csv · data/financial_model.csv,—,تستِ توازن + بررسیِ بازهٔ حساسیت,تأمین,"۴.۹۶–۸.۴۲ میلیون دلار؛ ۴۲٪ خدمات / ۳۸٪ سخت‌افزار / ۲۰٪ احتیاطی"
D12,تحویل‌دادنی,مدیریت ریسک,ثبت ریسک با برنامهٔ کاهش,docs/12-risk-register.md,data/risk_register.csv (۲۰ ریسک),—,تستِ هم‌خوانیِ امتیاز و سطح,تأمین,"۷ بحرانی · ۸ بالا · ۵ متوسط"
D13,تحویل‌دادنی,الزامات غیرکارکردی و انطباق,الزامات فنی و قانونی,docs/15-nfr-security-compliance.md,data/ot_conduits.csv,K112 · K113,بررسیِ ردیابیِ هر الزام,تأمین,"IEC 62443 · ISO 9001/14001/45001 · HACCP · FSSC 22000"
D14,تحویل‌دادنی,فهرست سؤالات شفاف‌سازی,پرسش‌های باز برای مشتری,docs/16 · docs/24,data/open_questions.csv (۳۰ پرسش),—,تستِ اولویت و پاسخ‌گویِ هر پرسش,تأمین,"۹ بلوکه‌کننده · ۱۶ مهم · ۵ قابل تأخیر"
W1,الزام نگارش,زبان و ساختار,"فارسی، ساختاریافته، با جدول و بولت",همهٔ اسناد,—,—,بررسیِ چشمی + تستِ نبودِ نویزِ نویسه‌ای,تأمین,اصطلاحات فنی کنار معادل انگلیسی
W2,الزام نگارش,اتصالِ هر ادعا,هر ادعا به یک ماژول، داده یا شاخص متصل باشد,همهٔ اسناد,همهٔ CSVها,K001..K120,بررسیِ متقابل در بازنگری,تأمین,ستونِ «منبع سنجش» در همهٔ جداولِ هدف
W3,الزام نگارش,اعداد و سناریوی واقعی,بدون کلی‌گویی؛ همراه با عدد و سناریو,docs/21 · docs/25 · docs/06,data/benefit_model.csv,K001 · K030,بررسیِ هر ادعای کمّی,تأمین,"۷ جریان با نمودار و مسیر شکست"
W4,الزام نگارش,برچسبِ فرض,مقادیرِ مجهول با «[فرض]» مشخص شوند,docs/01 و سراسر اسناد,—,—,تستِ حضورِ برچسب در مستندات,تأمین,هر فرض در مستند ۱۶ به پرسش تبدیل شده است
W5,الزام نگارش,سؤالات پایانی,پایان با فهرست پرسش‌های شفاف‌سازی,docs/16 · docs/24,data/open_questions.csv,—,تستِ کامل‌بودنِ ۳۰ پرسش,تأمین,نسخهٔ چاپی برای کارفرما
W6,الزام نگارش,قابلیتِ شروعِ فوری,نتیجه باید تیم را برای شروع آماده کند,docs/22 · docs/23 · docs/11,data/roadmap.csv · data/financial_model.csv,—,بررسیِ وجودِ گامِ بعد برای هر فاز,تأمین,"انتخاب تأمین‌کننده + POC + Runbook انتقال"
Q1,کیفیت مخزن,منبعِ یگانهٔ حقیقت,داده در CSV؛ مستند تولیدی از همان داده,tools/README.md,data/*.csv (۱۲ فایل),—,تستِ بازتولیدِ بی‌تغییر (idempotency),تأمین,۹ مستند تولیدی
Q2,کیفیت مخزن,تستِ خودکار,هر ناسازگاریِ داده در CI شکست بخورد,tools/test_build.py,—,—,اجرای ۲۶ تست در GitHub Actions,تأمین,"یکپارچگی CSV، کیفیت مستندات، مولّدها، داشبورد، سایت"
Q3,کیفیت مخزن,داشبوردِ داده‌محور,نمای تعاملی مستقیماً از CSV,dashboard/index.html,data/*.csv,—,تستِ بارگذاریِ همهٔ CSVها در داشبورد,تأمین,۱۰ بخش
Q4,کیفیت مخزن,انتشارِ عمومی,سایتِ زنده برای مرور و استفاده,site/index.html,data/*.csv · docs/**,—,تستِ انطباقِ فهرست اسناد و نبودِ وابستگی خارجی,تأمین,چهار بخش + جست‌وجو
Q5,کیفیت مخزن,یکسان‌سازیِ عددی,اعداد در خلاصه، نقشهٔ راه و داشبورد یکی باشند,docs/00 · docs/11 · README.md,data/roadmap.csv · data/financial_model.csv,—,تستِ هم‌خوانیِ جمعِ هزینه با بودجه,تأمین,الزامِ بازمحاسبه از CSV
