role,content,duration,method,evaluation
اپراتور خط,صفحهٔ MES، توزین و اسکن، ثبت توقف، درخواست کمک، حالت آفلاین,۴ ساعت,عملی پای دستگاه,تکمیل ۵ سناریو بدون راهنمایی
سرپرست شیفت,داشبورد شیفت، تخصیص نیرو، تأیید توقف، گزارش شیفت,۸ ساعت,کارگاه + سناریو,تکمیل UAT-01/02
انباردار,رسید، مکان‌یابی، Pick، شمارش، RF، سردخانه,۶ ساعت,عملی در انبار,انطباق موجودی > ۹۸٪
تکنسین نت,WO، چک‌لیست PM، ثبت زمان/قطعه، PTW/LOTO، اپلیکیشن آفلاین,۸ ساعت,عملی + میدانی,اجرای UAT-06
تکنسین QC,نمونه، LIMS، SPC، NCR، ترخیص,۸ ساعت,آزمایشگاه,اجرای UAT-02/03
HSE/حراست,PTW، رخداد، گشت، مجوز خروج، داشبورد آلارم,۶ ساعت,کارگاه,اجرای UAT-08/11
برنامه‌ریز/مدیر تولید,APS، OEE، تحلیل توقف، Recipe,۱۲ ساعت,کارگاه تحلیلی,تفسیر یک گزارش OEE
مالی/بازرگانی,بهای تمام‌شده، اسناد خودکار، ATP، پورتال,۸ ساعت,کارگاه,اجرای UAT-09
مدیران ارشد,داشبورد، کارت امتیاز، تصمیم‌سازی با داده,۴ ساعت,جلسهٔ اختصاصی,استفاده از داشبورد در جلسه
ابرکاربران,آموزش مربی‌گری + دانش عمیق‌تر سامانه,۱۶ ساعت,Train-the-Trainer,پشتیبانی مستقل در Hypercare
IT/پشتیبانی,Runbook، مانیتورینگ، مدیریت خطا، DR,۲۴ ساعت,فنی,اجرای سناریوی DR
