area,criterion,threshold,measurement
**عملکرد**,زمان پاسخ UI (عملیات رایج),< ۱ ثانیه (p95),ابزار APM روی ۵۰ کاربر هم‌زمان
عملکرد,نمایش مقدار لحظه‌ای در SCADA,< ۵۰۰ میلی‌ثانیه,اندازه‌گیری انتها‌به‌انتها
عملکرد,تأخیر رویداد تولید تا MES,< ۵ ثانیه (p95),سنجهٔ Kafka lag
عملکرد,به‌روزرسانی داشبورد مدیریتی,< ۵ دقیقه,مانیتور خط لولهٔ داده
**در دسترس‌بودن**,سامانه‌های L2/L3,≥ ۹۹٫۹٪ ماهانه,مانیتورینگ
در دسترس‌بودن,حالت آفلاین ایستگاه‌های کارگاهی,۷۲ ساعت عملیات کامل,تست قطع عمدی
**داده**,دقت موجودی انبار,≥ ۹۸٪,شمارش دوره‌ای
داده,صحت ردیابی بچ (تست کور),۱۰۰٪ در ۱۰ نمونه,ممیزی
داده,رویدادهای گم‌شده/مضاعف,۰,انطباق شمارش رویدادها
داده,کیفیت دادهٔ پایه,≥ ۹۸٪,قواعد MDM
**امنیت**,یافته‌های بحرانی تست نفوذ,۰ باز (همه بسته یا پذیرش مستند),گزارش تست نفوذ
امنیت,حساب‌های بدون MFA در L3/L4,۰,گزارش SSO
امنیت,پوشش Audit Trail برای تراکنش‌های بحرانی,۱۰۰٪,بازبینی لاگ‌ها
**انطباق**,امضای الکترونیکی روی ترخیص/تأیید,۱۰۰٪,ممیزی
انطباق,تغییرناپذیری لاگ حسابرسی,اثبات‌شده با تست دستکاری,تست نفوذِ لاگ
**پذیرش کاربر**,نرخ تکمیل وظایف در UAT بدون راهنمایی,≥ ۹۰٪,ثبت در جلسات UAT
پذیرش کاربر,امتیاز رضایت (SUS) برای صفحات کلیدی,≥ ۶۸ از ۱۰۰,پرسش‌نامه
**یکپارچگی**,درصد اسناد مالی خودکار,≥ ۹۰٪ در ۳ ماه,گزارش ERP
