id,scenario,flow,pass_criteria
UAT-01,دریافت مادهٔ اولیه تا مصرف,ASN → گیت/باسکول → نمونه → QC → آزادسازی → مکان‌یابی → برداشت FEFO → مصرف در خط,کسر موجودی در همان لحظهٔ اسکن؛ مغایرت موجودی صفر
UAT-02,تولید بچ تا ترخیص,دریافت برنامه → آماده‌سازی خط → صدور WO → مصرف → پارامترها → نمونه → QC → ترخیص → COA,OEE ثبت‌شده؛ شجره‌نامه کامل؛ COA با دادهٔ واقعی
UAT-03,قرنطینه و رد,نتیجهٔ نامنطبق → قرنطینه خودکار → جلوگیری از برداشت/ارسال,تلاشِ برداشت/ارسال با خطا مواجه و در Audit ثبت شود
UAT-04,ارسال محصول,سفارش → تخصیص → Pick → SSCC → اسناد → تأیید انبار → تأیید حراست → بارگیری → POD,بدون تأیید دومرحله‌ای، دروازه باز نشود
UAT-05,ردیابی و فراخوان,انتخاب بچ → گراف عقب/جلو تا مشتری,پاسخ در ≤ ۳۰ ثانیه؛ خروجی شامل مشتریان و مقادیر
UAT-06,خرابی تجهیز و PM,آلارم → WO خودکار → PTW/LOTO → رزرو قطعه → اجرا → بستن → هزینه,بدون PTW، شروع WO مسدود؛ مصرف قطعه روی WO ثبت شود
UAT-07,تردد و حضور,کارت‌زنی → حضور → شیفت → تخصیص به خط → گیتِ صلاحیت,اپراتورِ فاقد گواهی نتواند روی WO ثبت کند
UAT-08,خروج کالا و کنترل حراست,درخواست خروج → تطبیق ۴شرطی → مجوز/قفل,حذف یک شرط ⇒ دروازه باز نشود
UAT-09,رویداد مالی خودکار,تولید/مصرف → سند حسابداری → بهای تمام‌شده,سند با ارجاع به رویداد مبدأ؛ امکان دریل‌داون
UAT-10,حالت آفلاین کارگاه,قطع شبکه → ادامهٔ ثبت → اتصال مجدد → همگام‌سازی,بدون از دست رفتن و بدون ثبت مضاعف
UAT-11,اضطرار و تخلیه,اعلام اضطرار → آزادسازی گیت‌ها → نقشهٔ حضور,همهٔ گیت‌ها ظرف ≤ ۳۰ ثانیه Fail-safe شوند
UAT-12,کنترل تغییر Recipe,تلاش تغییر در HMI → قفل → ثبت رخداد,تغییر بدون امضای دوم اعمال نشود
