page,role,access
صفحهٔ اپراتور خط (MES),R01,●
صفحهٔ اپراتور خط (MES),R02,◐
صفحهٔ اپراتور خط (MES),R03,—
صفحهٔ اپراتور خط (MES),R04,—
صفحهٔ اپراتور خط (MES),R05,—
صفحهٔ اپراتور خط (MES),R06,—
صفحهٔ اپراتور خط (MES),R07,—
صفحهٔ اپراتور خط (MES),R08,—
صفحهٔ اپراتور خط (MES),R09,—
صفحهٔ اپراتور خط (MES),R10,—
صفحهٔ اپراتور خط (MES),R11,○
صفحهٔ اپراتور خط (MES),R12,○
صفحهٔ اپراتور خط (MES),R13,—
صفحهٔ اپراتور خط (MES),R14,—
صفحهٔ اپراتور خط (MES),R15,—
صفحهٔ اپراتور خط (MES),R16,—
صفحهٔ اپراتور خط (MES),R17,—
صفحهٔ اپراتور خط (MES),R18,—
صفحهٔ اپراتور خط (MES),R19,—
صفحهٔ اپراتور خط (MES),R20,○
صفحهٔ اپراتور خط (MES),R21,—
صفحهٔ اپراتور خط (MES),R22,—
صفحهٔ اپراتور خط (MES),R23,—
صفحهٔ اپراتور خط (MES),R24,—
فرم ثبت توقف,R01,●
فرم ثبت توقف,R02,◐
فرم ثبت توقف,R03,—
فرم ثبت توقف,R04,—
فرم ثبت توقف,R05,—
فرم ثبت توقف,R06,—
فرم ثبت توقف,R07,○
فرم ثبت توقف,R08,○
فرم ثبت توقف,R09,—
فرم ثبت توقف,R10,—
فرم ثبت توقف,R11,○
فرم ثبت توقف,R12,○
فرم ثبت توقف,R13,—
فرم ثبت توقف,R14,—
فرم ثبت توقف,R15,—
فرم ثبت توقف,R16,—
فرم ثبت توقف,R17,—
فرم ثبت توقف,R18,—
فرم ثبت توقف,R19,—
فرم ثبت توقف,R20,○
فرم ثبت توقف,R21,—
فرم ثبت توقف,R22,◐
فرم ثبت توقف,R23,—
فرم ثبت توقف,R24,—
ایستگاه توزین/اسکن مواد,R01,●
ایستگاه توزین/اسکن مواد,R02,○
ایستگاه توزین/اسکن مواد,R03,—
ایستگاه توزین/اسکن مواد,R04,—
ایستگاه توزین/اسکن مواد,R05,—
ایستگاه توزین/اسکن مواد,R06,—
ایستگاه توزین/اسکن مواد,R07,—
ایستگاه توزین/اسکن مواد,R08,—
ایستگاه توزین/اسکن مواد,R09,—
ایستگاه توزین/اسکن مواد,R10,—
ایستگاه توزین/اسکن مواد,R11,—
ایستگاه توزین/اسکن مواد,R12,○
ایستگاه توزین/اسکن مواد,R13,—
ایستگاه توزین/اسکن مواد,R14,—
ایستگاه توزین/اسکن مواد,R15,—
ایستگاه توزین/اسکن مواد,R16,—
ایستگاه توزین/اسکن مواد,R17,—
ایستگاه توزین/اسکن مواد,R18,—
ایستگاه توزین/اسکن مواد,R19,—
ایستگاه توزین/اسکن مواد,R20,○
ایستگاه توزین/اسکن مواد,R21,—
ایستگاه توزین/اسکن مواد,R22,—
ایستگاه توزین/اسکن مواد,R23,—
ایستگاه توزین/اسکن مواد,R24,—
داشبورد OEE و تولید,R01,○
داشبورد OEE و تولید,R02,●
داشبورد OEE و تولید,R03,—
داشبورد OEE و تولید,R04,—
داشبورد OEE و تولید,R05,—
داشبورد OEE و تولید,R06,—
داشبورد OEE و تولید,R07,—
داشبورد OEE و تولید,R08,○
داشبورد OEE و تولید,R09,—
داشبورد OEE و تولید,R10,—
داشبورد OEE و تولید,R11,●
داشبورد OEE و تولید,R12,●
داشبورد OEE و تولید,R13,—
داشبورد OEE و تولید,R14,—
داشبورد OEE و تولید,R15,—
داشبورد OEE و تولید,R16,○
داشبورد OEE و تولید,R17,—
داشبورد OEE و تولید,R18,—
داشبورد OEE و تولید,R19,—
داشبورد OEE و تولید,R20,●
داشبورد OEE و تولید,R21,○
داشبورد OEE و تولید,R22,◐
داشبورد OEE و تولید,R23,—
داشبورد OEE و تولید,R24,—
صفحهٔ APS و زمان‌بندی,R01,—
صفحهٔ APS و زمان‌بندی,R02,○
صفحهٔ APS و زمان‌بندی,R03,—
صفحهٔ APS و زمان‌بندی,R04,—
صفحهٔ APS و زمان‌بندی,R05,—
صفحهٔ APS و زمان‌بندی,R06,—
صفحهٔ APS و زمان‌بندی,R07,—
صفحهٔ APS و زمان‌بندی,R08,○
صفحهٔ APS و زمان‌بندی,R09,—
صفحهٔ APS و زمان‌بندی,R10,—
صفحهٔ APS و زمان‌بندی,R11,●
صفحهٔ APS و زمان‌بندی,R12,◐
صفحهٔ APS و زمان‌بندی,R13,—
صفحهٔ APS و زمان‌بندی,R14,—
صفحهٔ APS و زمان‌بندی,R15,—
صفحهٔ APS و زمان‌بندی,R16,—
صفحهٔ APS و زمان‌بندی,R17,—
صفحهٔ APS و زمان‌بندی,R18,—
صفحهٔ APS و زمان‌بندی,R19,—
صفحهٔ APS و زمان‌بندی,R20,◐
صفحهٔ APS و زمان‌بندی,R21,—
صفحهٔ APS و زمان‌بندی,R22,○
صفحهٔ APS و زمان‌بندی,R23,—
صفحهٔ APS و زمان‌بندی,R24,—
صفحهٔ SPC,R01,◐
صفحهٔ SPC,R02,○
صفحهٔ SPC,R03,●
صفحهٔ SPC,R04,●
صفحهٔ SPC,R05,—
صفحهٔ SPC,R06,—
صفحهٔ SPC,R07,—
صفحهٔ SPC,R08,—
صفحهٔ SPC,R09,—
صفحهٔ SPC,R10,—
صفحهٔ SPC,R11,—
صفحهٔ SPC,R12,○
صفحهٔ SPC,R13,—
صفحهٔ SPC,R14,—
صفحهٔ SPC,R15,—
صفحهٔ SPC,R16,—
صفحهٔ SPC,R17,—
صفحهٔ SPC,R18,—
صفحهٔ SPC,R19,—
صفحهٔ SPC,R20,○
صفحهٔ SPC,R21,—
صفحهٔ SPC,R22,—
صفحهٔ SPC,R23,—
صفحهٔ SPC,R24,—
فرم NCR / CAPA,R01,◐
فرم NCR / CAPA,R02,◐
فرم NCR / CAPA,R03,●
فرم NCR / CAPA,R04,●
فرم NCR / CAPA,R05,—
فرم NCR / CAPA,R06,—
فرم NCR / CAPA,R07,○
فرم NCR / CAPA,R08,○
فرم NCR / CAPA,R09,○
فرم NCR / CAPA,R10,—
فرم NCR / CAPA,R11,—
فرم NCR / CAPA,R12,○
فرم NCR / CAPA,R13,—
فرم NCR / CAPA,R14,—
فرم NCR / CAPA,R15,—
فرم NCR / CAPA,R16,—
فرم NCR / CAPA,R17,—
فرم NCR / CAPA,R18,—
فرم NCR / CAPA,R19,—
فرم NCR / CAPA,R20,○
فرم NCR / CAPA,R21,—
فرم NCR / CAPA,R22,○
فرم NCR / CAPA,R23,—
فرم NCR / CAPA,R24,—
صفحهٔ ترخیص بچ,R01,—
صفحهٔ ترخیص بچ,R02,—
صفحهٔ ترخیص بچ,R03,◐
صفحهٔ ترخیص بچ,R04,●
صفحهٔ ترخیص بچ,R05,—
صفحهٔ ترخیص بچ,R06,—
صفحهٔ ترخیص بچ,R07,—
صفحهٔ ترخیص بچ,R08,—
صفحهٔ ترخیص بچ,R09,—
صفحهٔ ترخیص بچ,R10,—
صفحهٔ ترخیص بچ,R11,—
صفحهٔ ترخیص بچ,R12,◐
صفحهٔ ترخیص بچ,R13,—
صفحهٔ ترخیص بچ,R14,—
صفحهٔ ترخیص بچ,R15,—
صفحهٔ ترخیص بچ,R16,—
صفحهٔ ترخیص بچ,R17,—
صفحهٔ ترخیص بچ,R18,—
صفحهٔ ترخیص بچ,R19,—
صفحهٔ ترخیص بچ,R20,○
صفحهٔ ترخیص بچ,R21,—
صفحهٔ ترخیص بچ,R22,—
صفحهٔ ترخیص بچ,R23,—
صفحهٔ ترخیص بچ,R24,—
صفحهٔ LIMS / نمونه‌ها,R01,—
صفحهٔ LIMS / نمونه‌ها,R02,—
صفحهٔ LIMS / نمونه‌ها,R03,●
صفحهٔ LIMS / نمونه‌ها,R04,●
صفحهٔ LIMS / نمونه‌ها,R05,—
صفحهٔ LIMS / نمونه‌ها,R06,—
صفحهٔ LIMS / نمونه‌ها,R07,—
صفحهٔ LIMS / نمونه‌ها,R08,—
صفحهٔ LIMS / نمونه‌ها,R09,—
صفحهٔ LIMS / نمونه‌ها,R10,—
صفحهٔ LIMS / نمونه‌ها,R11,—
صفحهٔ LIMS / نمونه‌ها,R12,○
صفحهٔ LIMS / نمونه‌ها,R13,—
صفحهٔ LIMS / نمونه‌ها,R14,—
صفحهٔ LIMS / نمونه‌ها,R15,—
صفحهٔ LIMS / نمونه‌ها,R16,—
صفحهٔ LIMS / نمونه‌ها,R17,—
صفحهٔ LIMS / نمونه‌ها,R18,—
صفحهٔ LIMS / نمونه‌ها,R19,—
صفحهٔ LIMS / نمونه‌ها,R20,○
صفحهٔ LIMS / نمونه‌ها,R21,—
صفحهٔ LIMS / نمونه‌ها,R22,—
صفحهٔ LIMS / نمونه‌ها,R23,—
صفحهٔ LIMS / نمونه‌ها,R24,—
صفحهٔ ردیابی بچ (Trace),R01,○
صفحهٔ ردیابی بچ (Trace),R02,○
صفحهٔ ردیابی بچ (Trace),R03,○
صفحهٔ ردیابی بچ (Trace),R04,●
صفحهٔ ردیابی بچ (Trace),R05,○
صفحهٔ ردیابی بچ (Trace),R06,○
صفحهٔ ردیابی بچ (Trace),R07,—
صفحهٔ ردیابی بچ (Trace),R08,—
صفحهٔ ردیابی بچ (Trace),R09,○
صفحهٔ ردیابی بچ (Trace),R10,—
صفحهٔ ردیابی بچ (Trace),R11,○
صفحهٔ ردیابی بچ (Trace),R12,●
صفحهٔ ردیابی بچ (Trace),R13,○
صفحهٔ ردیابی بچ (Trace),R14,○
صفحهٔ ردیابی بچ (Trace),R15,—
صفحهٔ ردیابی بچ (Trace),R16,—
صفحهٔ ردیابی بچ (Trace),R17,—
صفحهٔ ردیابی بچ (Trace),R18,—
صفحهٔ ردیابی بچ (Trace),R19,—
صفحهٔ ردیابی بچ (Trace),R20,●
صفحهٔ ردیابی بچ (Trace),R21,○
صفحهٔ ردیابی بچ (Trace),R22,—
صفحهٔ ردیابی بچ (Trace),R23,—
صفحهٔ ردیابی بچ (Trace),R24,—
صفحهٔ رسید و بازرسی (انبار),R01,—
صفحهٔ رسید و بازرسی (انبار),R02,—
صفحهٔ رسید و بازرسی (انبار),R03,◐
صفحهٔ رسید و بازرسی (انبار),R04,○
صفحهٔ رسید و بازرسی (انبار),R05,●
صفحهٔ رسید و بازرسی (انبار),R06,◐
صفحهٔ رسید و بازرسی (انبار),R07,—
صفحهٔ رسید و بازرسی (انبار),R08,—
صفحهٔ رسید و بازرسی (انبار),R09,—
صفحهٔ رسید و بازرسی (انبار),R10,○
صفحهٔ رسید و بازرسی (انبار),R11,—
صفحهٔ رسید و بازرسی (انبار),R12,○
صفحهٔ رسید و بازرسی (انبار),R13,—
صفحهٔ رسید و بازرسی (انبار),R14,◐
صفحهٔ رسید و بازرسی (انبار),R15,—
صفحهٔ رسید و بازرسی (انبار),R16,—
صفحهٔ رسید و بازرسی (انبار),R17,—
صفحهٔ رسید و بازرسی (انبار),R18,—
صفحهٔ رسید و بازرسی (انبار),R19,—
صفحهٔ رسید و بازرسی (انبار),R20,○
صفحهٔ رسید و بازرسی (انبار),R21,—
صفحهٔ رسید و بازرسی (انبار),R22,—
صفحهٔ رسید و بازرسی (انبار),R23,—
صفحهٔ رسید و بازرسی (انبار),R24,—
صفحهٔ Pick و بارگیری,R01,—
صفحهٔ Pick و بارگیری,R02,—
صفحهٔ Pick و بارگیری,R03,—
صفحهٔ Pick و بارگیری,R04,—
صفحهٔ Pick و بارگیری,R05,●
صفحهٔ Pick و بارگیری,R06,◐
صفحهٔ Pick و بارگیری,R07,—
صفحهٔ Pick و بارگیری,R08,—
صفحهٔ Pick و بارگیری,R09,—
صفحهٔ Pick و بارگیری,R10,◐
صفحهٔ Pick و بارگیری,R11,—
صفحهٔ Pick و بارگیری,R12,○
صفحهٔ Pick و بارگیری,R13,○
صفحهٔ Pick و بارگیری,R14,○
صفحهٔ Pick و بارگیری,R15,—
صفحهٔ Pick و بارگیری,R16,—
صفحهٔ Pick و بارگیری,R17,—
صفحهٔ Pick و بارگیری,R18,—
صفحهٔ Pick و بارگیری,R19,—
صفحهٔ Pick و بارگیری,R20,○
صفحهٔ Pick و بارگیری,R21,—
صفحهٔ Pick و بارگیری,R22,—
صفحهٔ Pick و بارگیری,R23,—
صفحهٔ Pick و بارگیری,R24,—
فرم بارنامه و مجوز خروج,R01,—
فرم بارنامه و مجوز خروج,R02,—
فرم بارنامه و مجوز خروج,R03,—
فرم بارنامه و مجوز خروج,R04,—
فرم بارنامه و مجوز خروج,R05,●
فرم بارنامه و مجوز خروج,R06,◐
فرم بارنامه و مجوز خروج,R07,—
فرم بارنامه و مجوز خروج,R08,—
فرم بارنامه و مجوز خروج,R09,—
فرم بارنامه و مجوز خروج,R10,◐
فرم بارنامه و مجوز خروج,R11,—
فرم بارنامه و مجوز خروج,R12,○
فرم بارنامه و مجوز خروج,R13,○
فرم بارنامه و مجوز خروج,R14,●
فرم بارنامه و مجوز خروج,R15,—
فرم بارنامه و مجوز خروج,R16,—
فرم بارنامه و مجوز خروج,R17,—
فرم بارنامه و مجوز خروج,R18,—
فرم بارنامه و مجوز خروج,R19,—
فرم بارنامه و مجوز خروج,R20,○
فرم بارنامه و مجوز خروج,R21,—
فرم بارنامه و مجوز خروج,R22,—
فرم بارنامه و مجوز خروج,R23,—
فرم بارنامه و مجوز خروج,R24,—
داشبورد انبار / ارسال,R01,—
داشبورد انبار / ارسال,R02,○
داشبورد انبار / ارسال,R03,—
داشبورد انبار / ارسال,R04,—
داشبورد انبار / ارسال,R05,○
داشبورد انبار / ارسال,R06,●
داشبورد انبار / ارسال,R07,—
داشبورد انبار / ارسال,R08,—
داشبورد انبار / ارسال,R09,—
داشبورد انبار / ارسال,R10,○
داشبورد انبار / ارسال,R11,○
داشبورد انبار / ارسال,R12,○
داشبورد انبار / ارسال,R13,○
داشبورد انبار / ارسال,R14,○
داشبورد انبار / ارسال,R15,—
داشبورد انبار / ارسال,R16,—
داشبورد انبار / ارسال,R17,—
داشبورد انبار / ارسال,R18,—
داشبورد انبار / ارسال,R19,—
داشبورد انبار / ارسال,R20,●
داشبورد انبار / ارسال,R21,○
داشبورد انبار / ارسال,R22,—
داشبورد انبار / ارسال,R23,—
داشبورد انبار / ارسال,R24,—
صفحهٔ کار من (تکنسین),R01,—
صفحهٔ کار من (تکنسین),R02,—
صفحهٔ کار من (تکنسین),R03,—
صفحهٔ کار من (تکنسین),R04,—
صفحهٔ کار من (تکنسین),R05,—
صفحهٔ کار من (تکنسین),R06,—
صفحهٔ کار من (تکنسین),R07,●
صفحهٔ کار من (تکنسین),R08,◐
صفحهٔ کار من (تکنسین),R09,—
صفحهٔ کار من (تکنسین),R10,—
صفحهٔ کار من (تکنسین),R11,—
صفحهٔ کار من (تکنسین),R12,○
صفحهٔ کار من (تکنسین),R13,—
صفحهٔ کار من (تکنسین),R14,—
صفحهٔ کار من (تکنسین),R15,—
صفحهٔ کار من (تکنسین),R16,—
صفحهٔ کار من (تکنسین),R17,○
صفحهٔ کار من (تکنسین),R18,—
صفحهٔ کار من (تکنسین),R19,—
صفحهٔ کار من (تکنسین),R20,○
صفحهٔ کار من (تکنسین),R21,—
صفحهٔ کار من (تکنسین),R22,◐
صفحهٔ کار من (تکنسین),R23,—
صفحهٔ کار من (تکنسین),R24,—
فرم اجرای PM / چک‌لیست,R01,—
فرم اجرای PM / چک‌لیست,R02,—
فرم اجرای PM / چک‌لیست,R03,—
فرم اجرای PM / چک‌لیست,R04,—
فرم اجرای PM / چک‌لیست,R05,—
فرم اجرای PM / چک‌لیست,R06,—
فرم اجرای PM / چک‌لیست,R07,●
فرم اجرای PM / چک‌لیست,R08,◐
فرم اجرای PM / چک‌لیست,R09,—
فرم اجرای PM / چک‌لیست,R10,—
فرم اجرای PM / چک‌لیست,R11,—
فرم اجرای PM / چک‌لیست,R12,○
فرم اجرای PM / چک‌لیست,R13,—
فرم اجرای PM / چک‌لیست,R14,—
فرم اجرای PM / چک‌لیست,R15,—
فرم اجرای PM / چک‌لیست,R16,—
فرم اجرای PM / چک‌لیست,R17,—
فرم اجرای PM / چک‌لیست,R18,—
فرم اجرای PM / چک‌لیست,R19,—
فرم اجرای PM / چک‌لیست,R20,○
فرم اجرای PM / چک‌لیست,R21,—
فرم اجرای PM / چک‌لیست,R22,◐
فرم اجرای PM / چک‌لیست,R23,—
فرم اجرای PM / چک‌لیست,R24,—
داشبورد نت و PdM,R01,—
داشبورد نت و PdM,R02,○
داشبورد نت و PdM,R03,—
داشبورد نت و PdM,R04,—
داشبورد نت و PdM,R05,—
داشبورد نت و PdM,R06,—
داشبورد نت و PdM,R07,○
داشبورد نت و PdM,R08,●
داشبورد نت و PdM,R09,—
داشبورد نت و PdM,R10,—
داشبورد نت و PdM,R11,—
داشبورد نت و PdM,R12,●
داشبورد نت و PdM,R13,—
داشبورد نت و PdM,R14,—
داشبورد نت و PdM,R15,—
داشبورد نت و PdM,R16,—
داشبورد نت و PdM,R17,—
داشبورد نت و PdM,R18,—
داشبورد نت و PdM,R19,—
داشبورد نت و PdM,R20,●
داشبورد نت و PdM,R21,—
داشبورد نت و PdM,R22,◐
داشبورد نت و PdM,R23,—
داشبورد نت و PdM,R24,—
فرم PTW / LOTO,R01,—
فرم PTW / LOTO,R02,◐
فرم PTW / LOTO,R03,—
فرم PTW / LOTO,R04,—
فرم PTW / LOTO,R05,—
فرم PTW / LOTO,R06,—
فرم PTW / LOTO,R07,●
فرم PTW / LOTO,R08,◐
فرم PTW / LOTO,R09,●
فرم PTW / LOTO,R10,○
فرم PTW / LOTO,R11,—
فرم PTW / LOTO,R12,◐
فرم PTW / LOTO,R13,—
فرم PTW / LOTO,R14,—
فرم PTW / LOTO,R15,—
فرم PTW / LOTO,R16,—
فرم PTW / LOTO,R17,—
فرم PTW / LOTO,R18,—
فرم PTW / LOTO,R19,—
فرم PTW / LOTO,R20,○
فرم PTW / LOTO,R21,—
فرم PTW / LOTO,R22,◐
فرم PTW / LOTO,R23,—
فرم PTW / LOTO,R24,—
فرم حادثه / شبه‌حادثه,R01,●
فرم حادثه / شبه‌حادثه,R02,●
فرم حادثه / شبه‌حادثه,R03,●
فرم حادثه / شبه‌حادثه,R04,●
فرم حادثه / شبه‌حادثه,R05,●
فرم حادثه / شبه‌حادثه,R06,●
فرم حادثه / شبه‌حادثه,R07,●
فرم حادثه / شبه‌حادثه,R08,●
فرم حادثه / شبه‌حادثه,R09,●
فرم حادثه / شبه‌حادثه,R10,●
فرم حادثه / شبه‌حادثه,R11,●
فرم حادثه / شبه‌حادثه,R12,●
فرم حادثه / شبه‌حادثه,R13,●
فرم حادثه / شبه‌حادثه,R14,●
فرم حادثه / شبه‌حادثه,R15,●
فرم حادثه / شبه‌حادثه,R16,●
فرم حادثه / شبه‌حادثه,R17,◐
فرم حادثه / شبه‌حادثه,R18,◐
فرم حادثه / شبه‌حادثه,R19,—
فرم حادثه / شبه‌حادثه,R20,●
فرم حادثه / شبه‌حادثه,R21,○
فرم حادثه / شبه‌حادثه,R22,—
فرم حادثه / شبه‌حادثه,R23,—
فرم حادثه / شبه‌حادثه,R24,○
داشبورد آلارم ایمنی,R01,○
داشبورد آلارم ایمنی,R02,○
داشبورد آلارم ایمنی,R03,—
داشبورد آلارم ایمنی,R04,—
داشبورد آلارم ایمنی,R05,○
داشبورد آلارم ایمنی,R06,○
داشبورد آلارم ایمنی,R07,○
داشبورد آلارم ایمنی,R08,○
داشبورد آلارم ایمنی,R09,●
داشبورد آلارم ایمنی,R10,●
داشبورد آلارم ایمنی,R11,○
داشبورد آلارم ایمنی,R12,●
داشبورد آلارم ایمنی,R13,—
داشبورد آلارم ایمنی,R14,—
داشبورد آلارم ایمنی,R15,—
داشبورد آلارم ایمنی,R16,—
داشبورد آلارم ایمنی,R17,—
داشبورد آلارم ایمنی,R18,—
داشبورد آلارم ایمنی,R19,—
داشبورد آلارم ایمنی,R20,●
داشبورد آلارم ایمنی,R21,○
داشبورد آلارم ایمنی,R22,—
داشبورد آلارم ایمنی,R23,—
داشبورد آلارم ایمنی,R24,◐
داشبورد گیت و تردد,R01,—
داشبورد گیت و تردد,R02,—
داشبورد گیت و تردد,R03,—
داشبورد گیت و تردد,R04,—
داشبورد گیت و تردد,R05,—
داشبورد گیت و تردد,R06,—
داشبورد گیت و تردد,R07,—
داشبورد گیت و تردد,R08,—
داشبورد گیت و تردد,R09,○
داشبورد گیت و تردد,R10,●
داشبورد گیت و تردد,R11,—
داشبورد گیت و تردد,R12,○
داشبورد گیت و تردد,R13,—
داشبورد گیت و تردد,R14,—
داشبورد گیت و تردد,R15,—
داشبورد گیت و تردد,R16,—
داشبورد گیت و تردد,R17,◐
داشبورد گیت و تردد,R18,◐
داشبورد گیت و تردد,R19,—
داشبورد گیت و تردد,R20,○
داشبورد گیت و تردد,R21,—
داشبورد گیت و تردد,R22,—
داشبورد گیت و تردد,R23,—
داشبورد گیت و تردد,R24,◐
داشبورد فروش و CRM,R01,—
داشبورد فروش و CRM,R02,—
داشبورد فروش و CRM,R03,—
داشبورد فروش و CRM,R04,—
داشبورد فروش و CRM,R05,—
داشبورد فروش و CRM,R06,—
داشبورد فروش و CRM,R07,—
داشبورد فروش و CRM,R08,—
داشبورد فروش و CRM,R09,—
داشبورد فروش و CRM,R10,—
داشبورد فروش و CRM,R11,—
داشبورد فروش و CRM,R12,—
داشبورد فروش و CRM,R13,●
داشبورد فروش و CRM,R14,○
داشبورد فروش و CRM,R15,○
داشبورد فروش و CRM,R16,◐
داشبورد فروش و CRM,R17,—
داشبورد فروش و CRM,R18,—
داشبورد فروش و CRM,R19,○
داشبورد فروش و CRM,R20,◐
داشبورد فروش و CRM,R21,●
داشبورد فروش و CRM,R22,—
داشبورد فروش و CRM,R23,—
داشبورد فروش و CRM,R24,—
پورتال مشتری,R01,—
پورتال مشتری,R02,—
پورتال مشتری,R03,—
پورتال مشتری,R04,—
پورتال مشتری,R05,—
پورتال مشتری,R06,—
پورتال مشتری,R07,—
پورتال مشتری,R08,—
پورتال مشتری,R09,—
پورتال مشتری,R10,—
پورتال مشتری,R11,—
پورتال مشتری,R12,—
پورتال مشتری,R13,◐
پورتال مشتری,R14,◐
پورتال مشتری,R15,—
پورتال مشتری,R16,—
پورتال مشتری,R17,—
پورتال مشتری,R18,—
پورتال مشتری,R19,●
پورتال مشتری,R20,○
پورتال مشتری,R21,○
پورتال مشتری,R22,—
پورتال مشتری,R23,—
پورتال مشتری,R24,—
داشبورد اسناد تجارت خارجی,R01,—
داشبورد اسناد تجارت خارجی,R02,—
داشبورد اسناد تجارت خارجی,R03,○
داشبورد اسناد تجارت خارجی,R04,◐
داشبورد اسناد تجارت خارجی,R05,—
داشبورد اسناد تجارت خارجی,R06,○
داشبورد اسناد تجارت خارجی,R07,—
داشبورد اسناد تجارت خارجی,R08,—
داشبورد اسناد تجارت خارجی,R09,—
داشبورد اسناد تجارت خارجی,R10,—
داشبورد اسناد تجارت خارجی,R11,—
داشبورد اسناد تجارت خارجی,R12,—
داشبورد اسناد تجارت خارجی,R13,○
داشبورد اسناد تجارت خارجی,R14,●
داشبورد اسناد تجارت خارجی,R15,—
داشبورد اسناد تجارت خارجی,R16,◐
داشبورد اسناد تجارت خارجی,R17,—
داشبورد اسناد تجارت خارجی,R18,—
داشبورد اسناد تجارت خارجی,R19,—
داشبورد اسناد تجارت خارجی,R20,○
داشبورد اسناد تجارت خارجی,R21,○
داشبورد اسناد تجارت خارجی,R22,—
داشبورد اسناد تجارت خارجی,R23,—
داشبورد اسناد تجارت خارجی,R24,—
صفحهٔ اسناد مالی و بستن دوره,R01,—
صفحهٔ اسناد مالی و بستن دوره,R02,—
صفحهٔ اسناد مالی و بستن دوره,R03,—
صفحهٔ اسناد مالی و بستن دوره,R04,—
صفحهٔ اسناد مالی و بستن دوره,R05,—
صفحهٔ اسناد مالی و بستن دوره,R06,—
صفحهٔ اسناد مالی و بستن دوره,R07,—
صفحهٔ اسناد مالی و بستن دوره,R08,—
صفحهٔ اسناد مالی و بستن دوره,R09,—
صفحهٔ اسناد مالی و بستن دوره,R10,—
صفحهٔ اسناد مالی و بستن دوره,R11,—
صفحهٔ اسناد مالی و بستن دوره,R12,—
صفحهٔ اسناد مالی و بستن دوره,R13,○
صفحهٔ اسناد مالی و بستن دوره,R14,○
صفحهٔ اسناد مالی و بستن دوره,R15,●
صفحهٔ اسناد مالی و بستن دوره,R16,●
صفحهٔ اسناد مالی و بستن دوره,R17,—
صفحهٔ اسناد مالی و بستن دوره,R18,—
صفحهٔ اسناد مالی و بستن دوره,R19,—
صفحهٔ اسناد مالی و بستن دوره,R20,○
صفحهٔ اسناد مالی و بستن دوره,R21,○
صفحهٔ اسناد مالی و بستن دوره,R22,—
صفحهٔ اسناد مالی و بستن دوره,R23,—
صفحهٔ اسناد مالی و بستن دوره,R24,—
داشبورد CFO / مدیریتی,R01,—
داشبورد CFO / مدیریتی,R02,—
داشبورد CFO / مدیریتی,R03,—
داشبورد CFO / مدیریتی,R04,—
داشبورد CFO / مدیریتی,R05,—
داشبورد CFO / مدیریتی,R06,—
داشبورد CFO / مدیریتی,R07,—
داشبورد CFO / مدیریتی,R08,—
داشبورد CFO / مدیریتی,R09,—
داشبورد CFO / مدیریتی,R10,—
داشبورد CFO / مدیریتی,R11,—
داشبورد CFO / مدیریتی,R12,○
داشبورد CFO / مدیریتی,R13,—
داشبورد CFO / مدیریتی,R14,—
داشبورد CFO / مدیریتی,R15,○
داشبورد CFO / مدیریتی,R16,●
داشبورد CFO / مدیریتی,R17,—
داشبورد CFO / مدیریتی,R18,—
داشبورد CFO / مدیریتی,R19,—
داشبورد CFO / مدیریتی,R20,●
داشبورد CFO / مدیریتی,R21,●
داشبورد CFO / مدیریتی,R22,—
داشبورد CFO / مدیریتی,R23,○
داشبورد CFO / مدیریتی,R24,—
پورتال کارمند,R01,—
پورتال کارمند,R02,—
پورتال کارمند,R03,—
پورتال کارمند,R04,—
پورتال کارمند,R05,—
پورتال کارمند,R06,—
پورتال کارمند,R07,—
پورتال کارمند,R08,—
پورتال کارمند,R09,—
پورتال کارمند,R10,—
پورتال کارمند,R11,—
پورتال کارمند,R12,—
پورتال کارمند,R13,—
پورتال کارمند,R14,—
پورتال کارمند,R15,—
پورتال کارمند,R16,—
پورتال کارمند,R17,●
پورتال کارمند,R18,●
پورتال کارمند,R19,—
پورتال کارمند,R20,—
پورتال کارمند,R21,—
پورتال کارمند,R22,—
پورتال کارمند,R23,◐
پورتال کارمند,R24,—
داشبورد مدیرعامل,R01,—
داشبورد مدیرعامل,R02,—
داشبورد مدیرعامل,R03,—
داشبورد مدیرعامل,R04,—
داشبورد مدیرعامل,R05,—
داشبورد مدیرعامل,R06,—
داشبورد مدیرعامل,R07,—
داشبورد مدیرعامل,R08,—
داشبورد مدیرعامل,R09,—
داشبورد مدیرعامل,R10,—
داشبورد مدیرعامل,R11,—
داشبورد مدیرعامل,R12,—
داشبورد مدیرعامل,R13,—
داشبورد مدیرعامل,R14,—
داشبورد مدیرعامل,R15,—
داشبورد مدیرعامل,R16,—
داشبورد مدیرعامل,R17,—
داشبورد مدیرعامل,R18,—
داشبورد مدیرعامل,R19,—
داشبورد مدیرعامل,R20,●
داشبورد مدیرعامل,R21,●
داشبورد مدیرعامل,R22,—
داشبورد مدیرعامل,R23,○
داشبورد مدیرعامل,R24,—
